mem_retention,model,seed,accuracy,mae,steps
0.05,fast,0,1.0,0.0,7.0
0.05,fast,1,1.0,0.04999999999999982,7.0
0.05,fast,2,1.0,0.050000000000000044,7.0
0.05,fast,3,1.0,0.0,7.0
0.05,fast,4,1.0,0.0,7.0
0.05,fast,5,1.0,0.04999999999999982,7.0
0.05,fast,6,1.0,0.0,3.0
0.05,fast,7,0.0,0.15000000000000002,7.0
0.05,fast,8,1.0,0.0,7.0
0.05,fast,9,1.0,0.0,7.0
0.05,fast,100000,1.0,0.0,7.0
0.05,fast,100001,1.0,0.04999999999999982,7.0
0.05,fast,100002,1.0,0.050000000000000044,7.0
0.05,fast,100003,0.0,0.09999999999999987,7.0
0.05,fast,100004,1.0,0.0,7.0
0.05,fast,100005,1.0,0.04999999999999982,7.0
0.05,fast,100006,1.0,0.0,3.0
0.05,fast,100007,1.0,0.050000000000000044,7.0
0.05,fast,100008,1.0,0.0,7.0
0.05,fast,100009,1.0,0.0,7.0
0.05,fast,200000,1.0,0.0,7.0
0.05,fast,200001,1.0,0.04999999999999982,7.0
0.05,fast,200002,1.0,0.050000000000000044,7.0
0.05,fast,200003,1.0,0.0,7.0
0.05,fast,200004,0.0,0.10000000000000009,7.0
0.05,fast,200005,1.0,0.04999999999999982,7.0
0.05,fast,200006,1.0,0.0,3.0
0.05,fast,200007,0.0,0.15000000000000002,7.0
0.05,fast,200008,0.0,0.10000000000000009,7.0
0.05,fast,200009,1.0,0.0,7.0
0.05,fast,300000,1.0,0.0,7.0
0.05,fast,300001,1.0,0.04999999999999982,7.0
0.05,fast,300002,1.0,0.050000000000000044,7.0
0.05,fast,300003,1.0,0.0,7.0
0.05,fast,300004,1.0,0.0,7.0
0.05,fast,300005,0.0,0.1499999999999999,7.0
0.05,fast,300006,1.0,0.0,3.0
0.05,fast,300007,1.0,0.050000000000000044,7.0
0.05,fast,300008,1.0,0.0,7.0
0.05,fast,300009,0.0,0.09999999999999964,7.0
0.05,fast,400000,1.0,0.0,7.0
0.05,fast,400001,1.0,0.04999999999999982,7.0
0.05,fast,400002,1.0,0.050000000000000044,7.0
0.05,fast,400003,1.0,0.0,7.0
0.05,fast,400004,1.0,0.0,7.0
0.05,fast,400005,1.0,0.04999999999999982,7.0
0.05,fast,400006,1.0,0.0,3.0
0.05,fast,400007,1.0,0.050000000000000044,7.0
0.05,fast,400008,1.0,0.0,7.0
0.05,fast,400009,1.0,0.0,7.0
0.05,fast,500000,1.0,0.0,7.0
0.05,fast,500001,1.0,0.04999999999999982,7.0
0.05,fast,500002,1.0,0.050000000000000044,7.0
0.05,fast,500003,1.0,0.0,7.0
0.05,fast,500004,1.0,0.0,7.0
0.05,fast,500005,0.0,0.050000000000000266,7.0
0.05,fast,500006,1.0,0.0,5.0
0.05,fast,500007,1.0,0.050000000000000044,7.0
0.05,fast,500008,1.0,0.0,7.0
0.05,fast,500009,1.0,0.0,7.0
0.05,fast,600000,1.0,0.0,7.0
0.05,fast,600001,1.0,0.04999999999999982,7.0
0.05,fast,600002,1.0,0.050000000000000044,7.0
0.05,fast,600003,1.0,0.0,7.0
0.05,fast,600004,1.0,0.0,7.0
0.05,fast,600005,1.0,0.04999999999999982,7.0
0.05,fast,600006,1.0,0.0,5.0
0.05,fast,600007,1.0,0.050000000000000044,7.0
0.05,fast,600008,1.0,0.0,7.0
0.05,fast,600009,0.0,0.10000000000000009,7.0
0.05,fast,700000,1.0,0.0,7.0
0.05,fast,700001,1.0,0.04999999999999982,7.0
0.05,fast,700002,1.0,0.050000000000000044,7.0
0.05,fast,700003,1.0,0.0,7.0
0.05,fast,700004,1.0,0.0,7.0
0.05,fast,700005,0.0,0.050000000000000266,7.0
0.05,fast,700006,1.0,0.0,3.0
0.05,fast,700007,1.0,0.050000000000000044,7.0
0.05,fast,700008,1.0,0.0,7.0
0.05,fast,700009,0.0,0.09999999999999964,7.0
0.05,fast,800000,1.0,0.0,7.0
0.05,fast,800001,1.0,0.04999999999999982,7.0
0.05,fast,800002,0.0,0.1499999999999999,7.0
0.05,fast,800003,1.0,0.0,7.0
0.05,fast,800004,0.0,0.10000000000000009,7.0
0.05,fast,800005,1.0,0.04999999999999982,7.0
0.05,fast,800006,1.0,0.0,4.0
0.05,fast,800007,1.0,0.050000000000000044,7.0
0.05,fast,800008,1.0,0.0,7.0
0.05,fast,800009,1.0,0.0,7.0
0.05,fast,900000,1.0,0.0,7.0
0.05,fast,900001,1.0,0.04999999999999982,7.0
0.05,fast,900002,1.0,0.050000000000000044,7.0
0.05,fast,900003,1.0,0.0,7.0
0.05,fast,900004,0.0,0.10000000000000009,7.0
0.05,fast,900005,1.0,0.04999999999999982,7.0
0.05,fast,900006,1.0,0.0,3.0
0.05,fast,900007,1.0,0.050000000000000044,7.0
0.05,fast,900008,0.0,0.09999999999999987,7.0
0.05,fast,900009,0.0,0.10000000000000009,7.0
0.05,slow,0,0.0,0.6000000000000001,10.0
0.05,slow,1,0.0,0.55,10.0
0.05,slow,2,1.0,0.050000000000000044,10.0
0.05,slow,3,0.0,0.40000000000000013,10.0
0.05,slow,4,0.0,0.30000000000000004,10.0
0.05,slow,5,0.0,0.3500000000000001,10.0
0.05,slow,6,0.0,0.10000000000000009,10.0
0.05,slow,7,0.0,0.3500000000000001,10.0
0.05,slow,8,0.0,0.19999999999999996,10.0
0.05,slow,9,0.0,0.5999999999999999,10.0
0.05,slow,100000,0.0,0.6000000000000001,10.0
0.05,slow,100001,0.0,0.55,10.0
0.05,slow,100002,1.0,0.050000000000000044,10.0
0.05,slow,100003,0.0,0.40000000000000013,10.0
0.05,slow,100004,0.0,0.30000000000000004,10.0
0.05,slow,100005,0.0,0.3500000000000001,10.0
0.05,slow,100006,0.0,0.10000000000000009,10.0
0.05,slow,100007,0.0,0.3500000000000001,10.0
0.05,slow,100008,0.0,0.19999999999999996,10.0
0.05,slow,100009,0.0,0.5999999999999999,10.0
0.05,slow,200000,0.0,0.6000000000000001,10.0
0.05,slow,200001,0.0,0.55,10.0
0.05,slow,200002,1.0,0.050000000000000044,10.0
0.05,slow,200003,0.0,0.40000000000000013,10.0
0.05,slow,200004,0.0,0.30000000000000004,10.0
0.05,slow,200005,0.0,0.3500000000000001,10.0
0.05,slow,200006,0.0,0.10000000000000009,10.0
0.05,slow,200007,0.0,0.3500000000000001,10.0
0.05,slow,200008,0.0,0.19999999999999996,10.0
0.05,slow,200009,0.0,0.5999999999999999,10.0
0.05,slow,300000,0.0,0.6000000000000001,10.0
0.05,slow,300001,0.0,0.55,10.0
0.05,slow,300002,1.0,0.050000000000000044,10.0
0.05,slow,300003,0.0,0.40000000000000013,10.0
0.05,slow,300004,0.0,0.30000000000000004,10.0
0.05,slow,300005,0.0,0.3500000000000001,10.0
0.05,slow,300006,0.0,0.10000000000000009,10.0
0.05,slow,300007,0.0,0.3500000000000001,10.0
0.05,slow,300008,0.0,0.19999999999999996,10.0
0.05,slow,300009,0.0,0.5999999999999999,10.0
0.05,slow,400000,0.0,0.6000000000000001,10.0
0.05,slow,400001,0.0,0.55,10.0
0.05,slow,400002,1.0,0.050000000000000044,10.0
0.05,slow,400003,0.0,0.40000000000000013,10.0
0.05,slow,400004,0.0,0.30000000000000004,10.0
0.05,slow,400005,0.0,0.3500000000000001,10.0
0.05,slow,400006,0.0,0.10000000000000009,10.0
0.05,slow,400007,0.0,0.3500000000000001,10.0
0.05,slow,400008,0.0,0.19999999999999996,10.0
0.05,slow,400009,0.0,0.5999999999999999,10.0
0.05,slow,500000,0.0,0.6000000000000001,10.0
0.05,slow,500001,0.0,0.55,10.0
0.05,slow,500002,1.0,0.050000000000000044,10.0
0.05,slow,500003,0.0,0.40000000000000013,10.0
0.05,slow,500004,0.0,0.30000000000000004,10.0
0.05,slow,500005,0.0,0.3500000000000001,10.0
0.05,slow,500006,0.0,0.10000000000000009,10.0
0.05,slow,500007,0.0,0.3500000000000001,10.0
0.05,slow,500008,0.0,0.19999999999999996,10.0
0.05,slow,500009,0.0,0.5999999999999999,10.0
0.05,slow,600000,0.0,0.6000000000000001,10.0
0.05,slow,600001,0.0,0.55,10.0
0.05,slow,600002,1.0,0.050000000000000044,10.0
0.05,slow,600003,0.0,0.40000000000000013,10.0
0.05,slow,600004,0.0,0.30000000000000004,10.0
0.05,slow,600005,0.0,0.3500000000000001,10.0
0.05,slow,600006,0.0,0.10000000000000009,10.0
0.05,slow,600007,0.0,0.3500000000000001,10.0
0.05,slow,600008,0.0,0.19999999999999996,10.0
0.05,slow,600009,0.0,0.5999999999999999,10.0
0.05,slow,700000,0.0,0.6000000000000001,10.0
0.05,slow,700001,0.0,0.55,10.0
0.05,slow,700002,1.0,0.050000000000000044,10.0
0.05,slow,700003,0.0,0.40000000000000013,10.0
0.05,slow,700004,0.0,0.30000000000000004,10.0
0.05,slow,700005,0.0,0.3500000000000001,10.0
0.05,slow,700006,0.0,0.10000000000000009,10.0
0.05,slow,700007,0.0,0.3500000000000001,10.0
0.05,slow,700008,0.0,0.19999999999999996,10.0
0.05,slow,700009,0.0,0.5999999999999999,10.0
0.05,slow,800000,0.0,0.6000000000000001,10.0
0.05,slow,800001,0.0,0.55,10.0
0.05,slow,800002,1.0,0.050000000000000044,10.0
0.05,slow,800003,0.0,0.40000000000000013,10.0
0.05,slow,800004,0.0,0.30000000000000004,10.0
0.05,slow,800005,0.0,0.3500000000000001,10.0
0.05,slow,800006,0.0,0.10000000000000009,10.0
0.05,slow,800007,0.0,0.3500000000000001,10.0
0.05,slow,800008,0.0,0.19999999999999996,10.0
0.05,slow,800009,0.0,0.5999999999999999,10.0
0.05,slow,900000,0.0,0.6000000000000001,10.0
0.05,slow,900001,0.0,0.55,10.0
0.05,slow,900002,1.0,0.050000000000000044,10.0
0.05,slow,900003,0.0,0.40000000000000013,10.0
0.05,slow,900004,0.0,0.30000000000000004,10.0
0.05,slow,900005,0.0,0.3500000000000001,10.0
0.05,slow,900006,0.0,0.10000000000000009,10.0
0.05,slow,900007,0.0,0.3500000000000001,10.0
0.05,slow,900008,0.0,0.19999999999999996,10.0
0.05,slow,900009,0.0,0.5999999999999999,10.0
0.1,fast,0,1.0,0.0,7.0
0.1,fast,1,1.0,0.04999999999999982,7.0
0.1,fast,2,1.0,0.050000000000000044,7.0
0.1,fast,3,1.0,0.0,7.0
0.1,fast,4,1.0,0.0,7.0
0.1,fast,5,1.0,0.04999999999999982,7.0
0.1,fast,6,1.0,0.0,3.0
0.1,fast,7,0.0,0.15000000000000002,7.0
0.1,fast,8,1.0,0.0,7.0
0.1,fast,9,1.0,0.0,7.0
0.1,fast,100000,1.0,0.0,7.0
0.1,fast,100001,1.0,0.04999999999999982,7.0
0.1,fast,100002,1.0,0.050000000000000044,7.0
0.1,fast,100003,0.0,0.09999999999999987,7.0
0.1,fast,100004,1.0,0.0,7.0
0.1,fast,100005,1.0,0.04999999999999982,7.0
0.1,fast,100006,1.0,0.0,3.0
0.1,fast,100007,1.0,0.050000000000000044,7.0
0.1,fast,100008,1.0,0.0,7.0
0.1,fast,100009,1.0,0.0,7.0
0.1,fast,200000,1.0,0.0,7.0
0.1,fast,200001,1.0,0.04999999999999982,7.0
0.1,fast,200002,1.0,0.050000000000000044,7.0
0.1,fast,200003,1.0,0.0,7.0
0.1,fast,200004,0.0,0.10000000000000009,7.0
0.1,fast,200005,1.0,0.04999999999999982,7.0
0.1,fast,200006,1.0,0.0,3.0
0.1,fast,200007,0.0,0.15000000000000002,7.0
0.1,fast,200008,0.0,0.10000000000000009,7.0
0.1,fast,200009,1.0,0.0,7.0
0.1,fast,300000,1.0,0.0,7.0
0.1,fast,300001,1.0,0.04999999999999982,7.0
0.1,fast,300002,1.0,0.050000000000000044,7.0
0.1,fast,300003,1.0,0.0,7.0
0.1,fast,300004,1.0,0.0,7.0
0.1,fast,300005,0.0,0.1499999999999999,7.0
0.1,fast,300006,1.0,0.0,3.0
0.1,fast,300007,1.0,0.050000000000000044,7.0
0.1,fast,300008,1.0,0.0,7.0
0.1,fast,300009,0.0,0.09999999999999964,7.0
0.1,fast,400000,1.0,0.0,7.0
0.1,fast,400001,1.0,0.04999999999999982,7.0
0.1,fast,400002,1.0,0.050000000000000044,7.0
0.1,fast,400003,1.0,0.0,7.0
0.1,fast,400004,1.0,0.0,7.0
0.1,fast,400005,1.0,0.04999999999999982,7.0
0.1,fast,400006,1.0,0.0,3.0
0.1,fast,400007,1.0,0.050000000000000044,7.0
0.1,fast,400008,1.0,0.0,7.0
0.1,fast,400009,1.0,0.0,7.0
0.1,fast,500000,1.0,0.0,7.0
0.1,fast,500001,1.0,0.04999999999999982,7.0
0.1,fast,500002,1.0,0.050000000000000044,7.0
0.1,fast,500003,1.0,0.0,7.0
0.1,fast,500004,1.0,0.0,7.0
0.1,fast,500005,0.0,0.050000000000000266,7.0
0.1,fast,500006,1.0,0.0,5.0
0.1,fast,500007,1.0,0.050000000000000044,7.0
0.1,fast,500008,1.0,0.0,7.0
0.1,fast,500009,1.0,0.0,7.0
0.1,fast,600000,1.0,0.0,7.0
0.1,fast,600001,1.0,0.04999999999999982,7.0
0.1,fast,600002,1.0,0.050000000000000044,7.0
0.1,fast,600003,1.0,0.0,7.0
0.1,fast,600004,1.0,0.0,7.0
0.1,fast,600005,1.0,0.04999999999999982,7.0
0.1,fast,600006,1.0,0.0,5.0
0.1,fast,600007,1.0,0.050000000000000044,7.0
0.1,fast,600008,1.0,0.0,7.0
0.1,fast,600009,0.0,0.10000000000000009,7.0
0.1,fast,700000,1.0,0.0,7.0
0.1,fast,700001,1.0,0.04999999999999982,7.0
0.1,fast,700002,1.0,0.050000000000000044,7.0
0.1,fast,700003,1.0,0.0,7.0
0.1,fast,700004,1.0,0.0,7.0
0.1,fast,700005,0.0,0.050000000000000266,7.0
0.1,fast,700006,1.0,0.0,3.0
0.1,fast,700007,1.0,0.050000000000000044,7.0
0.1,fast,700008,1.0,0.0,7.0
0.1,fast,700009,0.0,0.09999999999999964,7.0
0.1,fast,800000,1.0,0.0,7.0
0.1,fast,800001,1.0,0.04999999999999982,7.0
0.1,fast,800002,0.0,0.1499999999999999,7.0
0.1,fast,800003,1.0,0.0,7.0
0.1,fast,800004,0.0,0.10000000000000009,7.0
0.1,fast,800005,1.0,0.04999999999999982,7.0
0.1,fast,800006,1.0,0.0,4.0
0.1,fast,800007,1.0,0.050000000000000044,7.0
0.1,fast,800008,1.0,0.0,7.0
0.1,fast,800009,1.0,0.0,7.0
0.1,fast,900000,1.0,0.0,7.0
0.1,fast,900001,1.0,0.04999999999999982,7.0
0.1,fast,900002,1.0,0.050000000000000044,7.0
0.1,fast,900003,1.0,0.0,7.0
0.1,fast,900004,0.0,0.10000000000000009,7.0
0.1,fast,900005,1.0,0.04999999999999982,7.0
0.1,fast,900006,1.0,0.0,3.0
0.1,fast,900007,1.0,0.050000000000000044,7.0
0.1,fast,900008,0.0,0.09999999999999987,7.0
0.1,fast,900009,0.0,0.10000000000000009,7.0
0.1,slow,0,0.0,0.10000000000000009,10.0
0.1,slow,1,0.0,0.3500000000000001,10.0
0.1,slow,2,0.0,0.44999999999999996,10.0
0.1,slow,3,0.0,0.19999999999999996,10.0
0.1,slow,4,0.0,0.7,10.0
0.1,slow,5,0.0,0.8500000000000001,10.0
0.1,slow,6,1.0,0.0,10.0
0.1,slow,7,0.0,0.55,10.0
0.1,slow,8,0.0,0.19999999999999996,10.0
0.1,slow,9,0.0,0.3999999999999999,10.0
0.1,slow,100000,0.0,0.10000000000000009,10.0
0.1,slow,100001,0.0,0.3500000000000001,10.0
0.1,slow,100002,0.0,0.44999999999999996,10.0
0.1,slow,100003,0.0,0.19999999999999996,10.0
0.1,slow,100004,0.0,0.7,10.0
0.1,slow,100005,0.0,0.8500000000000001,10.0
0.1,slow,100006,1.0,0.0,10.0
0.1,slow,100007,0.0,0.55,10.0
0.1,slow,100008,0.0,0.19999999999999996,10.0
0.1,slow,100009,0.0,0.3999999999999999,10.0
0.1,slow,200000,0.0,0.10000000000000009,10.0
0.1,slow,200001,0.0,0.3500000000000001,10.0
0.1,slow,200002,0.0,0.44999999999999996,10.0
0.1,slow,200003,0.0,0.19999999999999996,10.0
0.1,slow,200004,0.0,0.7,10.0
0.1,slow,200005,0.0,0.8500000000000001,10.0
0.1,slow,200006,1.0,0.0,10.0
0.1,slow,200007,0.0,0.55,10.0
0.1,slow,200008,0.0,0.19999999999999996,10.0
0.1,slow,200009,0.0,0.3999999999999999,10.0
0.1,slow,300000,0.0,0.10000000000000009,10.0
0.1,slow,300001,0.0,0.3500000000000001,10.0
0.1,slow,300002,0.0,0.44999999999999996,10.0
0.1,slow,300003,0.0,0.19999999999999996,10.0
0.1,slow,300004,0.0,0.7,10.0
0.1,slow,300005,0.0,0.8500000000000001,10.0
0.1,slow,300006,1.0,0.0,10.0
0.1,slow,300007,0.0,0.55,10.0
0.1,slow,300008,0.0,0.19999999999999996,10.0
0.1,slow,300009,0.0,0.3999999999999999,10.0
0.1,slow,400000,0.0,0.10000000000000009,10.0
0.1,slow,400001,0.0,0.3500000000000001,10.0
0.1,slow,400002,0.0,0.44999999999999996,10.0
0.1,slow,400003,0.0,0.19999999999999996,10.0
0.1,slow,400004,0.0,0.7,10.0
0.1,slow,400005,0.0,0.8500000000000001,10.0
0.1,slow,400006,1.0,0.0,10.0
0.1,slow,400007,0.0,0.55,10.0
0.1,slow,400008,0.0,0.19999999999999996,10.0
0.1,slow,400009,0.0,0.3999999999999999,10.0
0.1,slow,500000,0.0,0.10000000000000009,10.0
0.1,slow,500001,0.0,0.3500000000000001,10.0
0.1,slow,500002,0.0,0.44999999999999996,10.0
0.1,slow,500003,0.0,0.19999999999999996,10.0
0.1,slow,500004,0.0,0.7,10.0
0.1,slow,500005,0.0,0.8500000000000001,10.0
0.1,slow,500006,1.0,0.0,10.0
0.1,slow,500007,0.0,0.55,10.0
0.1,slow,500008,0.0,0.19999999999999996,10.0
0.1,slow,500009,0.0,0.3999999999999999,10.0
0.1,slow,600000,0.0,0.10000000000000009,10.0
0.1,slow,600001,0.0,0.3500000000000001,10.0
0.1,slow,600002,0.0,0.44999999999999996,10.0
0.1,slow,600003,0.0,0.19999999999999996,10.0
0.1,slow,600004,0.0,0.7,10.0
0.1,slow,600005,0.0,0.8500000000000001,10.0
0.1,slow,600006,1.0,0.0,10.0
0.1,slow,600007,0.0,0.55,10.0
0.1,slow,600008,0.0,0.19999999999999996,10.0
0.1,slow,600009,0.0,0.3999999999999999,10.0
0.1,slow,700000,0.0,0.10000000000000009,10.0
0.1,slow,700001,0.0,0.3500000000000001,10.0
0.1,slow,700002,0.0,0.44999999999999996,10.0
0.1,slow,700003,0.0,0.19999999999999996,10.0
0.1,slow,700004,0.0,0.7,10.0
0.1,slow,700005,0.0,0.8500000000000001,10.0
0.1,slow,700006,1.0,0.0,10.0
0.1,slow,700007,0.0,0.55,10.0
0.1,slow,700008,0.0,0.19999999999999996,10.0
0.1,slow,700009,0.0,0.3999999999999999,10.0
0.1,slow,800000,0.0,0.10000000000000009,10.0
0.1,slow,800001,0.0,0.3500000000000001,10.0
0.1,slow,800002,0.0,0.44999999999999996,10.0
0.1,slow,800003,0.0,0.19999999999999996,10.0
0.1,slow,800004,0.0,0.7,10.0
0.1,slow,800005,0.0,0.8500000000000001,10.0
0.1,slow,800006,1.0,0.0,10.0
0.1,slow,800007,0.0,0.55,10.0
0.1,slow,800008,0.0,0.19999999999999996,10.0
0.1,slow,800009,0.0,0.3999999999999999,10.0
0.1,slow,900000,0.0,0.10000000000000009,10.0
0.1,slow,900001,0.0,0.3500000000000001,10.0
0.1,slow,900002,0.0,0.44999999999999996,10.0
0.1,slow,900003,0.0,0.19999999999999996,10.0
0.1,slow,900004,0.0,0.7,10.0
0.1,slow,900005,0.0,0.8500000000000001,10.0
0.1,slow,900006,1.0,0.0,10.0
0.1,slow,900007,0.0,0.55,10.0
0.1,slow,900008,0.0,0.19999999999999996,10.0
0.1,slow,900009,0.0,0.3999999999999999,10.0
0.15,fast,0,1.0,0.0,7.0
0.15,fast,1,1.0,0.04999999999999982,7.0
0.15,fast,2,1.0,0.050000000000000044,7.0
0.15,fast,3,1.0,0.0,7.0
0.15,fast,4,1.0,0.0,7.0
0.15,fast,5,1.0,0.04999999999999982,7.0
0.15,fast,6,1.0,0.0,3.0
0.15,fast,7,0.0,0.15000000000000002,7.0
0.15,fast,8,1.0,0.0,7.0
0.15,fast,9,1.0,0.0,7.0
0.15,fast,100000,1.0,0.0,7.0
0.15,fast,100001,1.0,0.04999999999999982,7.0
0.15,fast,100002,1.0,0.050000000000000044,7.0
0.15,fast,100003,0.0,0.09999999999999987,7.0
0.15,fast,100004,1.0,0.0,7.0
0.15,fast,100005,1.0,0.04999999999999982,7.0
0.15,fast,100006,1.0,0.0,3.0
0.15,fast,100007,1.0,0.050000000000000044,7.0
0.15,fast,100008,1.0,0.0,7.0
0.15,fast,100009,1.0,0.0,7.0
0.15,fast,200000,1.0,0.0,7.0
0.15,fast,200001,1.0,0.04999999999999982,7.0
0.15,fast,200002,1.0,0.050000000000000044,7.0
0.15,fast,200003,1.0,0.0,7.0
0.15,fast,200004,0.0,0.10000000000000009,7.0
0.15,fast,200005,1.0,0.04999999999999982,7.0
0.15,fast,200006,1.0,0.0,3.0
0.15,fast,200007,0.0,0.15000000000000002,7.0
0.15,fast,200008,0.0,0.10000000000000009,7.0
0.15,fast,200009,1.0,0.0,7.0
0.15,fast,300000,1.0,0.0,7.0
0.15,fast,300001,1.0,0.04999999999999982,7.0
0.15,fast,300002,1.0,0.050000000000000044,7.0
0.15,fast,300003,1.0,0.0,7.0
0.15,fast,300004,1.0,0.0,7.0
0.15,fast,300005,0.0,0.1499999999999999,7.0
0.15,fast,300006,1.0,0.0,3.0
0.15,fast,300007,1.0,0.050000000000000044,7.0
0.15,fast,300008,1.0,0.0,7.0
0.15,fast,300009,0.0,0.09999999999999964,7.0
0.15,fast,400000,1.0,0.0,7.0
0.15,fast,400001,1.0,0.04999999999999982,7.0
0.15,fast,400002,1.0,0.050000000000000044,7.0
0.15,fast,400003,1.0,0.0,7.0
0.15,fast,400004,1.0,0.0,7.0
0.15,fast,400005,1.0,0.04999999999999982,7.0
0.15,fast,400006,1.0,0.0,3.0
0.15,fast,400007,1.0,0.050000000000000044,7.0
0.15,fast,400008,1.0,0.0,7.0
0.15,fast,400009,1.0,0.0,7.0
0.15,fast,500000,1.0,0.0,7.0
0.15,fast,500001,1.0,0.04999999999999982,7.0
0.15,fast,500002,1.0,0.050000000000000044,7.0
0.15,fast,500003,1.0,0.0,7.0
0.15,fast,500004,1.0,0.0,7.0
0.15,fast,500005,0.0,0.050000000000000266,7.0
0.15,fast,500006,1.0,0.0,5.0
0.15,fast,500007,1.0,0.050000000000000044,7.0
0.15,fast,500008,1.0,0.0,7.0
0.15,fast,500009,1.0,0.0,7.0
0.15,fast,600000,1.0,0.0,7.0
0.15,fast,600001,1.0,0.04999999999999982,7.0
0.15,fast,600002,1.0,0.050000000000000044,7.0
0.15,fast,600003,1.0,0.0,7.0
0.15,fast,600004,1.0,0.0,7.0
0.15,fast,600005,1.0,0.04999999999999982,7.0
0.15,fast,600006,1.0,0.0,5.0
0.15,fast,600007,1.0,0.050000000000000044,7.0
0.15,fast,600008,1.0,0.0,7.0
0.15,fast,600009,0.0,0.10000000000000009,7.0
0.15,fast,700000,1.0,0.0,7.0
0.15,fast,700001,1.0,0.04999999999999982,7.0
0.15,fast,700002,1.0,0.050000000000000044,7.0
0.15,fast,700003,1.0,0.0,7.0
0.15,fast,700004,1.0,0.0,7.0
0.15,fast,700005,0.0,0.050000000000000266,7.0
0.15,fast,700006,1.0,0.0,3.0
0.15,fast,700007,1.0,0.050000000000000044,7.0
0.15,fast,700008,1.0,0.0,7.0
0.15,fast,700009,0.0,0.09999999999999964,7.0
0.15,fast,800000,1.0,0.0,7.0
0.15,fast,800001,1.0,0.04999999999999982,7.0
0.15,fast,800002,0.0,0.1499999999999999,7.0
0.15,fast,800003,1.0,0.0,7.0
0.15,fast,800004,0.0,0.10000000000000009,7.0
0.15,fast,800005,1.0,0.04999999999999982,7.0
0.15,fast,800006,1.0,0.0,4.0
0.15,fast,800007,1.0,0.050000000000000044,7.0
0.15,fast,800008,1.0,0.0,7.0
0.15,fast,800009,1.0,0.0,7.0
0.15,fast,900000,1.0,0.0,7.0
0.15,fast,900001,1.0,0.04999999999999982,7.0
0.15,fast,900002,1.0,0.050000000000000044,7.0
0.15,fast,900003,1.0,0.0,7.0
0.15,fast,900004,0.0,0.10000000000000009,7.0
0.15,fast,900005,1.0,0.04999999999999982,7.0
0.15,fast,900006,1.0,0.0,3.0
0.15,fast,900007,1.0,0.050000000000000044,7.0
0.15,fast,900008,0.0,0.09999999999999987,7.0
0.15,fast,900009,0.0,0.10000000000000009,7.0
0.15,slow,0,0.0,0.19999999999999973,10.0
0.15,slow,1,0.0,0.44999999999999996,10.0
0.15,slow,2,1.0,0.050000000000000044,10.0
0.15,slow,3,0.0,0.40000000000000013,10.0
0.15,slow,4,0.0,0.30000000000000004,10.0
0.15,slow,5,0.0,0.3500000000000001,10.0
0.15,slow,6,1.0,0.0,10.0
0.15,slow,7,0.0,0.3500000000000001,10.0
0.15,slow,8,0.0,0.10000000000000009,10.0
0.15,slow,9,0.0,0.4999999999999998,10.0
0.15,slow,100000,0.0,0.19999999999999973,10.0
0.15,slow,100001,0.0,0.44999999999999996,10.0
0.15,slow,100002,1.0,0.050000000000000044,10.0
0.15,slow,100003,0.0,0.40000000000000013,10.0
0.15,slow,100004,0.0,0.30000000000000004,10.0
0.15,slow,100005,0.0,0.3500000000000001,10.0
0.15,slow,100006,1.0,0.0,10.0
0.15,slow,100007,0.0,0.3500000000000001,10.0
0.15,slow,100008,0.0,0.10000000000000009,10.0
0.15,slow,100009,0.0,0.4999999999999998,10.0
0.15,slow,200000,0.0,0.19999999999999973,10.0
0.15,slow,200001,0.0,0.44999999999999996,10.0
0.15,slow,200002,1.0,0.050000000000000044,10.0
0.15,slow,200003,0.0,0.40000000000000013,10.0
0.15,slow,200004,0.0,0.30000000000000004,10.0
0.15,slow,200005,0.0,0.3500000000000001,10.0
0.15,slow,200006,1.0,0.0,10.0
0.15,slow,200007,0.0,0.3500000000000001,10.0
0.15,slow,200008,0.0,0.10000000000000009,10.0
0.15,slow,200009,0.0,0.4999999999999998,10.0
0.15,slow,300000,0.0,0.19999999999999973,10.0
0.15,slow,300001,0.0,0.44999999999999996,10.0
0.15,slow,300002,1.0,0.050000000000000044,10.0
0.15,slow,300003,0.0,0.40000000000000013,10.0
0.15,slow,300004,0.0,0.30000000000000004,10.0
0.15,slow,300005,0.0,0.3500000000000001,10.0
0.15,slow,300006,1.0,0.0,10.0
0.15,slow,300007,0.0,0.3500000000000001,10.0
0.15,slow,300008,0.0,0.10000000000000009,10.0
0.15,slow,300009,0.0,0.4999999999999998,10.0
0.15,slow,400000,0.0,0.19999999999999973,10.0
0.15,slow,400001,0.0,0.44999999999999996,10.0
0.15,slow,400002,1.0,0.050000000000000044,10.0
0.15,slow,400003,0.0,0.40000000000000013,10.0
0.15,slow,400004,0.0,0.30000000000000004,10.0
0.15,slow,400005,0.0,0.3500000000000001,10.0
0.15,slow,400006,1.0,0.0,10.0
0.15,slow,400007,0.0,0.3500000000000001,10.0
0.15,slow,400008,0.0,0.10000000000000009,10.0
0.15,slow,400009,0.0,0.4999999999999998,10.0
0.15,slow,500000,0.0,0.19999999999999973,10.0
0.15,slow,500001,0.0,0.44999999999999996,10.0
0.15,slow,500002,1.0,0.050000000000000044,10.0
0.15,slow,500003,0.0,0.40000000000000013,10.0
0.15,slow,500004,0.0,0.30000000000000004,10.0
0.15,slow,500005,0.0,0.3500000000000001,10.0
0.15,slow,500006,1.0,0.0,10.0
0.15,slow,500007,0.0,0.3500000000000001,10.0
0.15,slow,500008,0.0,0.10000000000000009,10.0
0.15,slow,500009,0.0,0.4999999999999998,10.0
0.15,slow,600000,0.0,0.19999999999999973,10.0
0.15,slow,600001,0.0,0.44999999999999996,10.0
0.15,slow,600002,1.0,0.050000000000000044,10.0
0.15,slow,600003,0.0,0.40000000000000013,10.0
0.15,slow,600004,0.0,0.30000000000000004,10.0
0.15,slow,600005,0.0,0.3500000000000001,10.0
0.15,slow,600006,1.0,0.0,10.0
0.15,slow,600007,0.0,0.3500000000000001,10.0
0.15,slow,600008,0.0,0.10000000000000009,10.0
0.15,slow,600009,0.0,0.4999999999999998,10.0
0.15,slow,700000,0.0,0.19999999999999973,10.0
0.15,slow,700001,0.0,0.44999999999999996,10.0
0.15,slow,700002,1.0,0.050000000000000044,10.0
0.15,slow,700003,0.0,0.40000000000000013,10.0
0.15,slow,700004,0.0,0.30000000000000004,10.0
0.15,slow,700005,0.0,0.3500000000000001,10.0
0.15,slow,700006,1.0,0.0,10.0
0.15,slow,700007,0.0,0.3500000000000001,10.0
0.15,slow,700008,0.0,0.10000000000000009,10.0
0.15,slow,700009,0.0,0.4999999999999998,10.0
0.15,slow,800000,0.0,0.19999999999999973,10.0
0.15,slow,800001,0.0,0.44999999999999996,10.0
0.15,slow,800002,1.0,0.050000000000000044,10.0
0.15,slow,800003,0.0,0.40000000000000013,10.0
0.15,slow,800004,0.0,0.30000000000000004,10.0
0.15,slow,800005,0.0,0.3500000000000001,10.0
0.15,slow,800006,1.0,0.0,10.0
0.15,slow,800007,0.0,0.3500000000000001,10.0
0.15,slow,800008,0.0,0.10000000000000009,10.0
0.15,slow,800009,0.0,0.4999999999999998,10.0
0.15,slow,900000,0.0,0.19999999999999973,10.0
0.15,slow,900001,0.0,0.44999999999999996,10.0
0.15,slow,900002,1.0,0.050000000000000044,10.0
0.15,slow,900003,0.0,0.40000000000000013,10.0
0.15,slow,900004,0.0,0.30000000000000004,10.0
0.15,slow,900005,0.0,0.3500000000000001,10.0
0.15,slow,900006,1.0,0.0,10.0
0.15,slow,900007,0.0,0.3500000000000001,10.0
0.15,slow,900008,0.0,0.10000000000000009,10.0
0.15,slow,900009,0.0,0.4999999999999998,10.0
0.2,fast,0,1.0,0.0,7.0
0.2,fast,1,1.0,0.04999999999999982,7.0
0.2,fast,2,1.0,0.050000000000000044,7.0
0.2,fast,3,1.0,0.0,7.0
0.2,fast,4,1.0,0.0,7.0
0.2,fast,5,1.0,0.04999999999999982,7.0
0.2,fast,6,1.0,0.0,3.0
0.2,fast,7,0.0,0.15000000000000002,7.0
0.2,fast,8,1.0,0.0,7.0
0.2,fast,9,1.0,0.0,7.0
0.2,fast,100000,1.0,0.0,7.0
0.2,fast,100001,1.0,0.04999999999999982,7.0
0.2,fast,100002,1.0,0.050000000000000044,7.0
0.2,fast,100003,0.0,0.09999999999999987,7.0
0.2,fast,100004,1.0,0.0,7.0
0.2,fast,100005,1.0,0.04999999999999982,7.0
0.2,fast,100006,1.0,0.0,3.0
0.2,fast,100007,1.0,0.050000000000000044,7.0
0.2,fast,100008,1.0,0.0,7.0
0.2,fast,100009,1.0,0.0,7.0
0.2,fast,200000,1.0,0.0,7.0
0.2,fast,200001,1.0,0.04999999999999982,7.0
0.2,fast,200002,1.0,0.050000000000000044,7.0
0.2,fast,200003,1.0,0.0,7.0
0.2,fast,200004,0.0,0.10000000000000009,7.0
0.2,fast,200005,1.0,0.04999999999999982,7.0
0.2,fast,200006,1.0,0.0,3.0
0.2,fast,200007,0.0,0.15000000000000002,7.0
0.2,fast,200008,0.0,0.10000000000000009,7.0
0.2,fast,200009,1.0,0.0,7.0
0.2,fast,300000,1.0,0.0,7.0
0.2,fast,300001,1.0,0.04999999999999982,7.0
0.2,fast,300002,1.0,0.050000000000000044,7.0
0.2,fast,300003,1.0,0.0,7.0
0.2,fast,300004,1.0,0.0,7.0
0.2,fast,300005,0.0,0.1499999999999999,7.0
0.2,fast,300006,1.0,0.0,3.0
0.2,fast,300007,1.0,0.050000000000000044,7.0
0.2,fast,300008,1.0,0.0,7.0
0.2,fast,300009,0.0,0.09999999999999964,7.0
0.2,fast,400000,1.0,0.0,7.0
0.2,fast,400001,1.0,0.04999999999999982,7.0
0.2,fast,400002,1.0,0.050000000000000044,7.0
0.2,fast,400003,1.0,0.0,7.0
0.2,fast,400004,1.0,0.0,7.0
0.2,fast,400005,1.0,0.04999999999999982,7.0
0.2,fast,400006,1.0,0.0,3.0
0.2,fast,400007,1.0,0.050000000000000044,7.0
0.2,fast,400008,1.0,0.0,7.0
0.2,fast,400009,1.0,0.0,7.0
0.2,fast,500000,1.0,0.0,7.0
0.2,fast,500001,1.0,0.04999999999999982,7.0
0.2,fast,500002,1.0,0.050000000000000044,7.0
0.2,fast,500003,1.0,0.0,7.0
0.2,fast,500004,1.0,0.0,7.0
0.2,fast,500005,0.0,0.050000000000000266,7.0
0.2,fast,500006,1.0,0.0,5.0
0.2,fast,500007,1.0,0.050000000000000044,7.0
0.2,fast,500008,1.0,0.0,7.0
0.2,fast,500009,1.0,0.0,7.0
0.2,fast,600000,1.0,0.0,7.0
0.2,fast,600001,1.0,0.04999999999999982,7.0
0.2,fast,600002,1.0,0.050000000000000044,7.0
0.2,fast,600003,1.0,0.0,7.0
0.2,fast,600004,1.0,0.0,7.0
0.2,fast,600005,1.0,0.04999999999999982,7.0
0.2,fast,600006,1.0,0.0,5.0
0.2,fast,600007,1.0,0.050000000000000044,7.0
0.2,fast,600008,1.0,0.0,7.0
0.2,fast,600009,0.0,0.10000000000000009,7.0
0.2,fast,700000,1.0,0.0,7.0
0.2,fast,700001,1.0,0.04999999999999982,7.0
0.2,fast,700002,1.0,0.050000000000000044,7.0
0.2,fast,700003,1.0,0.0,7.0
0.2,fast,700004,1.0,0.0,7.0
0.2,fast,700005,0.0,0.050000000000000266,7.0
0.2,fast,700006,1.0,0.0,3.0
0.2,fast,700007,1.0,0.050000000000000044,7.0
0.2,fast,700008,1.0,0.0,7.0
0.2,fast,700009,0.0,0.09999999999999964,7.0
0.2,fast,800000,1.0,0.0,7.0
0.2,fast,800001,1.0,0.04999999999999982,7.0
0.2,fast,800002,0.0,0.1499999999999999,7.0
0.2,fast,800003,1.0,0.0,7.0
0.2,fast,800004,0.0,0.10000000000000009,7.0
0.2,fast,800005,1.0,0.04999999999999982,7.0
0.2,fast,800006,1.0,0.0,4.0
0.2,fast,800007,1.0,0.050000000000000044,7.0
0.2,fast,800008,1.0,0.0,7.0
0.2,fast,800009,1.0,0.0,7.0
0.2,fast,900000,1.0,0.0,7.0
0.2,fast,900001,1.0,0.04999999999999982,7.0
0.2,fast,900002,1.0,0.050000000000000044,7.0
0.2,fast,900003,1.0,0.0,7.0
0.2,fast,900004,0.0,0.10000000000000009,7.0
0.2,fast,900005,1.0,0.04999999999999982,7.0
0.2,fast,900006,1.0,0.0,3.0
0.2,fast,900007,1.0,0.050000000000000044,7.0
0.2,fast,900008,0.0,0.09999999999999987,7.0
0.2,fast,900009,0.0,0.10000000000000009,7.0
0.2,slow,0,0.0,0.10000000000000009,10.0
0.2,slow,1,0.0,0.25,10.0
0.2,slow,2,0.0,0.44999999999999996,10.0
0.2,slow,3,0.0,0.19999999999999996,10.0
0.2,slow,4,0.0,0.7,10.0
0.2,slow,5,0.0,0.8500000000000001,10.0
0.2,slow,6,1.0,0.0,10.0
0.2,slow,7,0.0,0.55,10.0
0.2,slow,8,0.0,0.19999999999999996,10.0
0.2,slow,9,0.0,0.2999999999999998,10.0
0.2,slow,100000,0.0,0.10000000000000009,10.0
0.2,slow,100001,0.0,0.25,10.0
0.2,slow,100002,0.0,0.44999999999999996,10.0
0.2,slow,100003,0.0,0.19999999999999996,10.0
0.2,slow,100004,0.0,0.7,10.0
0.2,slow,100005,0.0,0.8500000000000001,10.0
0.2,slow,100006,1.0,0.0,10.0
0.2,slow,100007,0.0,0.55,10.0
0.2,slow,100008,0.0,0.19999999999999996,10.0
0.2,slow,100009,0.0,0.2999999999999998,10.0
0.2,slow,200000,0.0,0.10000000000000009,10.0
0.2,slow,200001,0.0,0.25,10.0
0.2,slow,200002,0.0,0.44999999999999996,10.0
0.2,slow,200003,0.0,0.19999999999999996,10.0
0.2,slow,200004,0.0,0.7,10.0
0.2,slow,200005,0.0,0.8500000000000001,10.0
0.2,slow,200006,1.0,0.0,10.0
0.2,slow,200007,0.0,0.55,10.0
0.2,slow,200008,0.0,0.19999999999999996,10.0
0.2,slow,200009,0.0,0.2999999999999998,10.0
0.2,slow,300000,0.0,0.10000000000000009,10.0
0.2,slow,300001,0.0,0.25,10.0
0.2,slow,300002,0.0,0.44999999999999996,10.0
0.2,slow,300003,0.0,0.19999999999999996,10.0
0.2,slow,300004,0.0,0.7,10.0
0.2,slow,300005,0.0,0.8500000000000001,10.0
0.2,slow,300006,1.0,0.0,10.0
0.2,slow,300007,0.0,0.55,10.0
0.2,slow,300008,0.0,0.19999999999999996,10.0
0.2,slow,300009,0.0,0.2999999999999998,10.0
0.2,slow,400000,0.0,0.10000000000000009,10.0
0.2,slow,400001,0.0,0.25,10.0
0.2,slow,400002,0.0,0.44999999999999996,10.0
0.2,slow,400003,0.0,0.19999999999999996,10.0
0.2,slow,400004,0.0,0.7,10.0
0.2,slow,400005,0.0,0.8500000000000001,10.0
0.2,slow,400006,1.0,0.0,10.0
0.2,slow,400007,0.0,0.55,10.0
0.2,slow,400008,0.0,0.19999999999999996,10.0
0.2,slow,400009,0.0,0.2999999999999998,10.0
0.2,slow,500000,0.0,0.10000000000000009,10.0
0.2,slow,500001,0.0,0.25,10.0
0.2,slow,500002,0.0,0.44999999999999996,10.0
0.2,slow,500003,0.0,0.19999999999999996,10.0
0.2,slow,500004,0.0,0.7,10.0
0.2,slow,500005,0.0,0.8500000000000001,10.0
0.2,slow,500006,1.0,0.0,10.0
0.2,slow,500007,0.0,0.55,10.0
0.2,slow,500008,0.0,0.19999999999999996,10.0
0.2,slow,500009,0.0,0.2999999999999998,10.0
0.2,slow,600000,0.0,0.10000000000000009,10.0
0.2,slow,600001,0.0,0.25,10.0
0.2,slow,600002,0.0,0.44999999999999996,10.0
0.2,slow,600003,0.0,0.19999999999999996,10.0
0.2,slow,600004,0.0,0.7,10.0
0.2,slow,600005,0.0,0.8500000000000001,10.0
0.2,slow,600006,1.0,0.0,10.0
0.2,slow,600007,0.0,0.55,10.0
0.2,slow,600008,0.0,0.19999999999999996,10.0
0.2,slow,600009,0.0,0.2999999999999998,10.0
0.2,slow,700000,0.0,0.10000000000000009,10.0
0.2,slow,700001,0.0,0.25,10.0
0.2,slow,700002,0.0,0.44999999999999996,10.0
0.2,slow,700003,0.0,0.19999999999999996,10.0
0.2,slow,700004,0.0,0.7,10.0
0.2,slow,700005,0.0,0.8500000000000001,10.0
0.2,slow,700006,1.0,0.0,10.0
0.2,slow,700007,0.0,0.55,10.0
0.2,slow,700008,0.0,0.19999999999999996,10.0
0.2,slow,700009,0.0,0.2999999999999998,10.0
0.2,slow,800000,0.0,0.10000000000000009,10.0
0.2,slow,800001,0.0,0.25,10.0
0.2,slow,800002,0.0,0.44999999999999996,10.0
0.2,slow,800003,0.0,0.19999999999999996,10.0
0.2,slow,800004,0.0,0.7,10.0
0.2,slow,800005,0.0,0.8500000000000001,10.0
0.2,slow,800006,1.0,0.0,10.0
0.2,slow,800007,0.0,0.55,10.0
0.2,slow,800008,0.0,0.19999999999999996,10.0
0.2,slow,800009,0.0,0.2999999999999998,10.0
0.2,slow,900000,0.0,0.10000000000000009,10.0
0.2,slow,900001,0.0,0.25,10.0
0.2,slow,900002,0.0,0.44999999999999996,10.0
0.2,slow,900003,0.0,0.19999999999999996,10.0
0.2,slow,900004,0.0,0.7,10.0
0.2,slow,900005,0.0,0.8500000000000001,10.0
0.2,slow,900006,1.0,0.0,10.0
0.2,slow,900007,0.0,0.55,10.0
0.2,slow,900008,0.0,0.19999999999999996,10.0
0.2,slow,900009,0.0,0.2999999999999998,10.0
0.25,fast,0,1.0,0.0,5.0
0.25,fast,1,1.0,0.04999999999999982,7.0
0.25,fast,2,1.0,0.050000000000000044,7.0
0.25,fast,3,1.0,0.0,7.0
0.25,fast,4,1.0,0.0,7.0
0.25,fast,5,1.0,0.04999999999999982,7.0
0.25,fast,6,1.0,0.0,3.0
0.25,fast,7,0.0,0.15000000000000002,7.0
0.25,fast,8,1.0,0.0,7.0
0.25,fast,9,1.0,0.0,7.0
0.25,fast,100000,1.0,0.0,5.0
0.25,fast,100001,1.0,0.04999999999999982,7.0
0.25,fast,100002,1.0,0.050000000000000044,7.0
0.25,fast,100003,0.0,0.09999999999999987,7.0
0.25,fast,100004,1.0,0.0,7.0
0.25,fast,100005,1.0,0.04999999999999982,7.0
0.25,fast,100006,1.0,0.0,3.0
0.25,fast,100007,1.0,0.050000000000000044,7.0
0.25,fast,100008,1.0,0.0,7.0
0.25,fast,100009,1.0,0.0,7.0
0.25,fast,200000,1.0,0.0,5.0
0.25,fast,200001,1.0,0.04999999999999982,7.0
0.25,fast,200002,1.0,0.050000000000000044,7.0
0.25,fast,200003,1.0,0.0,7.0
0.25,fast,200004,0.0,0.10000000000000009,7.0
0.25,fast,200005,1.0,0.04999999999999982,7.0
0.25,fast,200006,1.0,0.0,3.0
0.25,fast,200007,0.0,0.15000000000000002,7.0
0.25,fast,200008,0.0,0.10000000000000009,7.0
0.25,fast,200009,1.0,0.0,7.0
0.25,fast,300000,1.0,0.0,5.0
0.25,fast,300001,1.0,0.04999999999999982,7.0
0.25,fast,300002,1.0,0.050000000000000044,7.0
0.25,fast,300003,1.0,0.0,7.0
0.25,fast,300004,1.0,0.0,7.0
0.25,fast,300005,0.0,0.1499999999999999,7.0
0.25,fast,300006,1.0,0.0,3.0
0.25,fast,300007,1.0,0.050000000000000044,7.0
0.25,fast,300008,1.0,0.0,7.0
0.25,fast,300009,0.0,0.09999999999999964,7.0
0.25,fast,400000,1.0,0.0,5.0
0.25,fast,400001,1.0,0.04999999999999982,7.0
0.25,fast,400002,1.0,0.050000000000000044,7.0
0.25,fast,400003,1.0,0.0,7.0
0.25,fast,400004,1.0,0.0,7.0
0.25,fast,400005,1.0,0.04999999999999982,7.0
0.25,fast,400006,1.0,0.0,3.0
0.25,fast,400007,1.0,0.050000000000000044,7.0
0.25,fast,400008,1.0,0.0,7.0
0.25,fast,400009,1.0,0.0,7.0
0.25,fast,500000,1.0,0.0,5.0
0.25,fast,500001,1.0,0.04999999999999982,7.0
0.25,fast,500002,1.0,0.050000000000000044,7.0
0.25,fast,500003,1.0,0.0,7.0
0.25,fast,500004,1.0,0.0,7.0
0.25,fast,500005,0.0,0.050000000000000266,7.0
0.25,fast,500006,1.0,0.0,5.0
0.25,fast,500007,1.0,0.050000000000000044,7.0
0.25,fast,500008,1.0,0.0,7.0
0.25,fast,500009,1.0,0.0,7.0
0.25,fast,600000,1.0,0.0,5.0
0.25,fast,600001,1.0,0.04999999999999982,7.0
0.25,fast,600002,1.0,0.050000000000000044,7.0
0.25,fast,600003,1.0,0.0,7.0
0.25,fast,600004,1.0,0.0,7.0
0.25,fast,600005,1.0,0.04999999999999982,7.0
0.25,fast,600006,1.0,0.0,5.0
0.25,fast,600007,1.0,0.050000000000000044,7.0
0.25,fast,600008,1.0,0.0,7.0
0.25,fast,600009,0.0,0.10000000000000009,7.0
0.25,fast,700000,1.0,0.0,5.0
0.25,fast,700001,1.0,0.04999999999999982,7.0
0.25,fast,700002,1.0,0.050000000000000044,7.0
0.25,fast,700003,1.0,0.0,7.0
0.25,fast,700004,1.0,0.0,7.0
0.25,fast,700005,0.0,0.050000000000000266,7.0
0.25,fast,700006,1.0,0.0,3.0
0.25,fast,700007,1.0,0.050000000000000044,7.0
0.25,fast,700008,1.0,0.0,7.0
0.25,fast,700009,0.0,0.09999999999999964,7.0
0.25,fast,800000,1.0,0.0,5.0
0.25,fast,800001,1.0,0.04999999999999982,7.0
0.25,fast,800002,0.0,0.1499999999999999,7.0
0.25,fast,800003,1.0,0.0,7.0
0.25,fast,800004,0.0,0.10000000000000009,7.0
0.25,fast,800005,1.0,0.04999999999999982,7.0
0.25,fast,800006,1.0,0.0,4.0
0.25,fast,800007,1.0,0.050000000000000044,7.0
0.25,fast,800008,1.0,0.0,7.0
0.25,fast,800009,1.0,0.0,7.0
0.25,fast,900000,1.0,0.0,5.0
0.25,fast,900001,1.0,0.04999999999999982,7.0
0.25,fast,900002,1.0,0.050000000000000044,7.0
0.25,fast,900003,1.0,0.0,7.0
0.25,fast,900004,0.0,0.10000000000000009,7.0
0.25,fast,900005,1.0,0.04999999999999982,7.0
0.25,fast,900006,1.0,0.0,3.0
0.25,fast,900007,1.0,0.050000000000000044,7.0
0.25,fast,900008,0.0,0.09999999999999987,7.0
0.25,fast,900009,0.0,0.10000000000000009,7.0
0.25,slow,0,1.0,0.0,10.0
0.25,slow,1,0.0,0.25,10.0
0.25,slow,2,0.0,0.44999999999999996,10.0
0.25,slow,3,0.0,0.19999999999999996,10.0
0.25,slow,4,0.0,0.7,10.0
0.25,slow,5,0.0,0.25,10.0
0.25,slow,6,1.0,0.0,10.0
0.25,slow,7,0.0,0.55,10.0
0.25,slow,8,0.0,0.10000000000000009,10.0
0.25,slow,9,0.0,0.2999999999999998,10.0
0.25,slow,100000,1.0,0.0,10.0
0.25,slow,100001,0.0,0.25,10.0
0.25,slow,100002,0.0,0.44999999999999996,10.0
0.25,slow,100003,0.0,0.19999999999999996,10.0
0.25,slow,100004,0.0,0.7,10.0
0.25,slow,100005,0.0,0.25,10.0
0.25,slow,100006,1.0,0.0,10.0
0.25,slow,100007,0.0,0.55,10.0
0.25,slow,100008,0.0,0.10000000000000009,10.0
0.25,slow,100009,0.0,0.2999999999999998,10.0
0.25,slow,200000,1.0,0.0,10.0
0.25,slow,200001,0.0,0.25,10.0
0.25,slow,200002,0.0,0.44999999999999996,10.0
0.25,slow,200003,0.0,0.19999999999999996,10.0
0.25,slow,200004,0.0,0.7,10.0
0.25,slow,200005,0.0,0.25,10.0
0.25,slow,200006,1.0,0.0,10.0
0.25,slow,200007,0.0,0.55,10.0
0.25,slow,200008,0.0,0.10000000000000009,10.0
0.25,slow,200009,0.0,0.2999999999999998,10.0
0.25,slow,300000,1.0,0.0,10.0
0.25,slow,300001,0.0,0.25,10.0
0.25,slow,300002,0.0,0.44999999999999996,10.0
0.25,slow,300003,0.0,0.19999999999999996,10.0
0.25,slow,300004,0.0,0.7,10.0
0.25,slow,300005,0.0,0.25,10.0
0.25,slow,300006,1.0,0.0,10.0
0.25,slow,300007,0.0,0.55,10.0
0.25,slow,300008,0.0,0.10000000000000009,10.0
0.25,slow,300009,0.0,0.2999999999999998,10.0
0.25,slow,400000,1.0,0.0,10.0
0.25,slow,400001,0.0,0.25,10.0
0.25,slow,400002,0.0,0.44999999999999996,10.0
0.25,slow,400003,0.0,0.19999999999999996,10.0
0.25,slow,400004,0.0,0.7,10.0
0.25,slow,400005,0.0,0.25,10.0
0.25,slow,400006,1.0,0.0,10.0
0.25,slow,400007,0.0,0.55,10.0
0.25,slow,400008,0.0,0.10000000000000009,10.0
0.25,slow,400009,0.0,0.2999999999999998,10.0
0.25,slow,500000,1.0,0.0,10.0
0.25,slow,500001,0.0,0.25,10.0
0.25,slow,500002,0.0,0.44999999999999996,10.0
0.25,slow,500003,0.0,0.19999999999999996,10.0
0.25,slow,500004,0.0,0.7,10.0
0.25,slow,500005,0.0,0.25,10.0
0.25,slow,500006,1.0,0.0,10.0
0.25,slow,500007,0.0,0.55,10.0
0.25,slow,500008,0.0,0.10000000000000009,10.0
0.25,slow,500009,0.0,0.2999999999999998,10.0
0.25,slow,600000,1.0,0.0,10.0
0.25,slow,600001,0.0,0.25,10.0
0.25,slow,600002,0.0,0.44999999999999996,10.0
0.25,slow,600003,0.0,0.19999999999999996,10.0
0.25,slow,600004,0.0,0.7,10.0
0.25,slow,600005,0.0,0.25,10.0
0.25,slow,600006,1.0,0.0,10.0
0.25,slow,600007,0.0,0.55,10.0
0.25,slow,600008,0.0,0.10000000000000009,10.0
0.25,slow,600009,0.0,0.2999999999999998,10.0
0.25,slow,700000,1.0,0.0,10.0
0.25,slow,700001,0.0,0.25,10.0
0.25,slow,700002,0.0,0.44999999999999996,10.0
0.25,slow,700003,0.0,0.19999999999999996,10.0
0.25,slow,700004,0.0,0.7,10.0
0.25,slow,700005,0.0,0.25,10.0
0.25,slow,700006,1.0,0.0,10.0
0.25,slow,700007,0.0,0.55,10.0
0.25,slow,700008,0.0,0.10000000000000009,10.0
0.25,slow,700009,0.0,0.2999999999999998,10.0
0.25,slow,800000,1.0,0.0,10.0
0.25,slow,800001,0.0,0.25,10.0
0.25,slow,800002,0.0,0.44999999999999996,10.0
0.25,slow,800003,0.0,0.19999999999999996,10.0
0.25,slow,800004,0.0,0.7,10.0
0.25,slow,800005,0.0,0.25,10.0
0.25,slow,800006,1.0,0.0,10.0
0.25,slow,800007,0.0,0.55,10.0
0.25,slow,800008,0.0,0.10000000000000009,10.0
0.25,slow,800009,0.0,0.2999999999999998,10.0
0.25,slow,900000,1.0,0.0,10.0
0.25,slow,900001,0.0,0.25,10.0
0.25,slow,900002,0.0,0.44999999999999996,10.0
0.25,slow,900003,0.0,0.19999999999999996,10.0
0.25,slow,900004,0.0,0.7,10.0
0.25,slow,900005,0.0,0.25,10.0
0.25,slow,900006,1.0,0.0,10.0
0.25,slow,900007,0.0,0.55,10.0
0.25,slow,900008,0.0,0.10000000000000009,10.0
0.25,slow,900009,0.0,0.2999999999999998,10.0
0.3,fast,0,1.0,0.0,5.0
0.3,fast,1,1.0,0.04999999999999982,7.0
0.3,fast,2,1.0,0.050000000000000044,7.0
0.3,fast,3,1.0,0.0,7.0
0.3,fast,4,1.0,0.0,7.0
0.3,fast,5,1.0,0.04999999999999982,7.0
0.3,fast,6,1.0,0.0,3.0
0.3,fast,7,1.0,0.050000000000000044,6.0
0.3,fast,8,1.0,0.0,7.0
0.3,fast,9,1.0,0.0,7.0
0.3,fast,100000,1.0,0.0,5.0
0.3,fast,100001,1.0,0.04999999999999982,7.0
0.3,fast,100002,1.0,0.050000000000000044,7.0
0.3,fast,100003,0.0,0.09999999999999987,7.0
0.3,fast,100004,1.0,0.0,5.0
0.3,fast,100005,1.0,0.04999999999999982,7.0
0.3,fast,100006,1.0,0.0,3.0
0.3,fast,100007,1.0,0.050000000000000044,7.0
0.3,fast,100008,1.0,0.0,7.0
0.3,fast,100009,1.0,0.0,7.0
0.3,fast,200000,1.0,0.0,5.0
0.3,fast,200001,1.0,0.04999999999999982,7.0
0.3,fast,200002,1.0,0.050000000000000044,7.0
0.3,fast,200003,1.0,0.0,7.0
0.3,fast,200004,1.0,0.0,5.0
0.3,fast,200005,1.0,0.04999999999999982,7.0
0.3,fast,200006,1.0,0.0,3.0
0.3,fast,200007,1.0,0.050000000000000044,5.0
0.3,fast,200008,0.0,0.10000000000000009,7.0
0.3,fast,200009,1.0,0.0,7.0
0.3,fast,300000,1.0,0.0,5.0
0.3,fast,300001,1.0,0.04999999999999982,7.0
0.3,fast,300002,1.0,0.050000000000000044,7.0
0.3,fast,300003,1.0,0.0,7.0
0.3,fast,300004,1.0,0.0,5.0
0.3,fast,300005,0.0,0.1499999999999999,7.0
0.3,fast,300006,1.0,0.0,3.0
0.3,fast,300007,1.0,0.050000000000000044,6.0
0.3,fast,300008,1.0,0.0,7.0
0.3,fast,300009,0.0,0.09999999999999964,7.0
0.3,fast,400000,1.0,0.0,5.0
0.3,fast,400001,1.0,0.04999999999999982,7.0
0.3,fast,400002,1.0,0.050000000000000044,7.0
0.3,fast,400003,1.0,0.0,7.0
0.3,fast,400004,1.0,0.0,5.0
0.3,fast,400005,1.0,0.04999999999999982,7.0
0.3,fast,400006,1.0,0.0,3.0
0.3,fast,400007,1.0,0.050000000000000044,7.0
0.3,fast,400008,1.0,0.0,7.0
0.3,fast,400009,1.0,0.0,7.0
0.3,fast,500000,1.0,0.0,5.0
0.3,fast,500001,1.0,0.04999999999999982,7.0
0.3,fast,500002,1.0,0.050000000000000044,7.0
0.3,fast,500003,1.0,0.0,7.0
0.3,fast,500004,1.0,0.0,5.0
0.3,fast,500005,0.0,0.050000000000000266,7.0
0.3,fast,500006,1.0,0.0,5.0
0.3,fast,500007,1.0,0.050000000000000044,7.0
0.3,fast,500008,1.0,0.0,7.0
0.3,fast,500009,1.0,0.0,7.0
0.3,fast,600000,1.0,0.0,5.0
0.3,fast,600001,1.0,0.04999999999999982,7.0
0.3,fast,600002,1.0,0.050000000000000044,7.0
0.3,fast,600003,1.0,0.0,7.0
0.3,fast,600004,1.0,0.0,7.0
0.3,fast,600005,1.0,0.04999999999999982,7.0
0.3,fast,600006,1.0,0.0,5.0
0.3,fast,600007,1.0,0.050000000000000044,6.0
0.3,fast,600008,1.0,0.0,7.0
0.3,fast,600009,0.0,0.10000000000000009,7.0
0.3,fast,700000,1.0,0.0,5.0
0.3,fast,700001,1.0,0.04999999999999982,7.0
0.3,fast,700002,1.0,0.050000000000000044,7.0
0.3,fast,700003,1.0,0.0,7.0
0.3,fast,700004,1.0,0.0,7.0
0.3,fast,700005,0.0,0.050000000000000266,7.0
0.3,fast,700006,1.0,0.0,3.0
0.3,fast,700007,1.0,0.050000000000000044,5.0
0.3,fast,700008,1.0,0.0,7.0
0.3,fast,700009,0.0,0.09999999999999964,7.0
0.3,fast,800000,1.0,0.0,5.0
0.3,fast,800001,1.0,0.04999999999999982,7.0
0.3,fast,800002,0.0,0.1499999999999999,7.0
0.3,fast,800003,1.0,0.0,7.0
0.3,fast,800004,1.0,0.0,5.0
0.3,fast,800005,1.0,0.04999999999999982,7.0
0.3,fast,800006,1.0,0.0,4.0
0.3,fast,800007,1.0,0.050000000000000044,5.0
0.3,fast,800008,1.0,0.0,7.0
0.3,fast,800009,1.0,0.0,7.0
0.3,fast,900000,1.0,0.0,5.0
0.3,fast,900001,1.0,0.04999999999999982,7.0
0.3,fast,900002,1.0,0.050000000000000044,7.0
0.3,fast,900003,1.0,0.0,7.0
0.3,fast,900004,1.0,0.0,5.0
0.3,fast,900005,1.0,0.04999999999999982,7.0
0.3,fast,900006,1.0,0.0,3.0
0.3,fast,900007,1.0,0.050000000000000044,5.0
0.3,fast,900008,0.0,0.09999999999999987,7.0
0.3,fast,900009,0.0,0.10000000000000009,7.0
0.3,slow,0,0.0,0.10000000000000009,10.0
0.3,slow,1,0.0,0.25,10.0
0.3,slow,2,0.0,0.44999999999999996,10.0
0.3,slow,3,0.0,0.10000000000000009,10.0
0.3,slow,4,0.0,0.7,10.0
0.3,slow,5,0.0,0.25,10.0
0.3,slow,6,1.0,0.0,10.0
0.3,slow,7,0.0,0.55,10.0
0.3,slow,8,0.0,0.10000000000000009,10.0
0.3,slow,9,0.0,0.2999999999999998,10.0
0.3,slow,100000,0.0,0.10000000000000009,10.0
0.3,slow,100001,0.0,0.25,10.0
0.3,slow,100002,0.0,0.44999999999999996,10.0
0.3,slow,100003,0.0,0.10000000000000009,10.0
0.3,slow,100004,0.0,0.7,10.0
0.3,slow,100005,0.0,0.25,10.0
0.3,slow,100006,1.0,0.0,10.0
0.3,slow,100007,0.0,0.55,10.0
0.3,slow,100008,0.0,0.10000000000000009,10.0
0.3,slow,100009,0.0,0.2999999999999998,10.0
0.3,slow,200000,0.0,0.10000000000000009,10.0
0.3,slow,200001,0.0,0.25,10.0
0.3,slow,200002,0.0,0.44999999999999996,10.0
0.3,slow,200003,0.0,0.10000000000000009,10.0
0.3,slow,200004,0.0,0.7,10.0
0.3,slow,200005,0.0,0.25,10.0
0.3,slow,200006,1.0,0.0,10.0
0.3,slow,200007,0.0,0.55,10.0
0.3,slow,200008,0.0,0.10000000000000009,10.0
0.3,slow,200009,0.0,0.2999999999999998,10.0
0.3,slow,300000,0.0,0.10000000000000009,10.0
0.3,slow,300001,0.0,0.25,10.0
0.3,slow,300002,0.0,0.44999999999999996,10.0
0.3,slow,300003,0.0,0.10000000000000009,10.0
0.3,slow,300004,0.0,0.7,10.0
0.3,slow,300005,0.0,0.25,10.0
0.3,slow,300006,1.0,0.0,10.0
0.3,slow,300007,0.0,0.55,10.0
0.3,slow,300008,0.0,0.10000000000000009,10.0
0.3,slow,300009,0.0,0.2999999999999998,10.0
0.3,slow,400000,0.0,0.10000000000000009,10.0
0.3,slow,400001,0.0,0.25,10.0
0.3,slow,400002,0.0,0.44999999999999996,10.0
0.3,slow,400003,0.0,0.10000000000000009,10.0
0.3,slow,400004,0.0,0.7,10.0
0.3,slow,400005,0.0,0.25,10.0
0.3,slow,400006,1.0,0.0,10.0
0.3,slow,400007,0.0,0.55,10.0
0.3,slow,400008,0.0,0.10000000000000009,10.0
0.3,slow,400009,0.0,0.2999999999999998,10.0
0.3,slow,500000,0.0,0.10000000000000009,10.0
0.3,slow,500001,0.0,0.25,10.0
0.3,slow,500002,0.0,0.44999999999999996,10.0
0.3,slow,500003,0.0,0.10000000000000009,10.0
0.3,slow,500004,0.0,0.7,10.0
0.3,slow,500005,0.0,0.25,10.0
0.3,slow,500006,1.0,0.0,10.0
0.3,slow,500007,0.0,0.55,10.0
0.3,slow,500008,0.0,0.10000000000000009,10.0
0.3,slow,500009,0.0,0.2999999999999998,10.0
0.3,slow,600000,0.0,0.10000000000000009,10.0
0.3,slow,600001,0.0,0.25,10.0
0.3,slow,600002,0.0,0.44999999999999996,10.0
0.3,slow,600003,0.0,0.10000000000000009,10.0
0.3,slow,600004,0.0,0.7,10.0
0.3,slow,600005,0.0,0.25,10.0
0.3,slow,600006,1.0,0.0,10.0
0.3,slow,600007,0.0,0.55,10.0
0.3,slow,600008,0.0,0.10000000000000009,10.0
0.3,slow,600009,0.0,0.2999999999999998,10.0
0.3,slow,700000,0.0,0.10000000000000009,10.0
0.3,slow,700001,0.0,0.25,10.0
0.3,slow,700002,0.0,0.44999999999999996,10.0
0.3,slow,700003,0.0,0.10000000000000009,10.0
0.3,slow,700004,0.0,0.7,10.0
0.3,slow,700005,0.0,0.25,10.0
0.3,slow,700006,1.0,0.0,10.0
0.3,slow,700007,0.0,0.55,10.0
0.3,slow,700008,0.0,0.10000000000000009,10.0
0.3,slow,700009,0.0,0.2999999999999998,10.0
0.3,slow,800000,0.0,0.10000000000000009,10.0
0.3,slow,800001,0.0,0.25,10.0
0.3,slow,800002,0.0,0.44999999999999996,10.0
0.3,slow,800003,0.0,0.10000000000000009,10.0
0.3,slow,800004,0.0,0.7,10.0
0.3,slow,800005,0.0,0.25,10.0
0.3,slow,800006,1.0,0.0,10.0
0.3,slow,800007,0.0,0.55,10.0
0.3,slow,800008,0.0,0.10000000000000009,10.0
0.3,slow,800009,0.0,0.2999999999999998,10.0
0.3,slow,900000,0.0,0.10000000000000009,10.0
0.3,slow,900001,0.0,0.25,10.0
0.3,slow,900002,0.0,0.44999999999999996,10.0
0.3,slow,900003,0.0,0.10000000000000009,10.0
0.3,slow,900004,0.0,0.7,10.0
0.3,slow,900005,0.0,0.25,10.0
0.3,slow,900006,1.0,0.0,10.0
0.3,slow,900007,0.0,0.55,10.0
0.3,slow,900008,0.0,0.10000000000000009,10.0
0.3,slow,900009,0.0,0.2999999999999998,10.0
0.35,fast,0,1.0,0.0,5.0
0.35,fast,1,1.0,0.04999999999999982,7.0
0.35,fast,2,1.0,0.050000000000000044,7.0
0.35,fast,3,1.0,0.0,7.0
0.35,fast,4,1.0,0.0,7.0
0.35,fast,5,1.0,0.04999999999999982,7.0
0.35,fast,6,1.0,0.0,3.0
0.35,fast,7,1.0,0.050000000000000044,6.0
0.35,fast,8,1.0,0.0,7.0
0.35,fast,9,1.0,0.0,7.0
0.35,fast,100000,1.0,0.0,5.0
0.35,fast,100001,1.0,0.04999999999999982,7.0
0.35,fast,100002,1.0,0.050000000000000044,7.0
0.35,fast,100003,0.0,0.09999999999999987,7.0
0.35,fast,100004,1.0,0.0,5.0
0.35,fast,100005,1.0,0.04999999999999982,7.0
0.35,fast,100006,1.0,0.0,3.0
0.35,fast,100007,1.0,0.050000000000000044,7.0
0.35,fast,100008,1.0,0.0,7.0
0.35,fast,100009,1.0,0.0,5.0
0.35,fast,200000,1.0,0.0,5.0
0.35,fast,200001,1.0,0.04999999999999982,5.0
0.35,fast,200002,1.0,0.050000000000000044,7.0
0.35,fast,200003,1.0,0.0,7.0
0.35,fast,200004,1.0,0.0,5.0
0.35,fast,200005,1.0,0.04999999999999982,7.0
0.35,fast,200006,1.0,0.0,3.0
0.35,fast,200007,1.0,0.050000000000000044,5.0
0.35,fast,200008,0.0,0.10000000000000009,7.0
0.35,fast,200009,1.0,0.0,5.0
0.35,fast,300000,1.0,0.0,5.0
0.35,fast,300001,1.0,0.04999999999999982,7.0
0.35,fast,300002,1.0,0.050000000000000044,7.0
0.35,fast,300003,1.0,0.0,7.0
0.35,fast,300004,1.0,0.0,5.0
0.35,fast,300005,0.0,0.1499999999999999,7.0
0.35,fast,300006,1.0,0.0,3.0
0.35,fast,300007,1.0,0.050000000000000044,6.0
0.35,fast,300008,1.0,0.0,7.0
0.35,fast,300009,1.0,0.0,5.0
0.35,fast,400000,1.0,0.0,5.0
0.35,fast,400001,1.0,0.04999999999999982,7.0
0.35,fast,400002,1.0,0.050000000000000044,7.0
0.35,fast,400003,1.0,0.0,7.0
0.35,fast,400004,1.0,0.0,5.0
0.35,fast,400005,1.0,0.04999999999999982,7.0
0.35,fast,400006,1.0,0.0,3.0
0.35,fast,400007,1.0,0.050000000000000044,7.0
0.35,fast,400008,1.0,0.0,7.0
0.35,fast,400009,1.0,0.0,7.0
0.35,fast,500000,1.0,0.0,5.0
0.35,fast,500001,1.0,0.04999999999999982,7.0
0.35,fast,500002,1.0,0.050000000000000044,7.0
0.35,fast,500003,1.0,0.0,7.0
0.35,fast,500004,1.0,0.0,5.0
0.35,fast,500005,0.0,0.050000000000000266,7.0
0.35,fast,500006,1.0,0.0,5.0
0.35,fast,500007,1.0,0.050000000000000044,7.0
0.35,fast,500008,1.0,0.0,7.0
0.35,fast,500009,1.0,0.0,7.0
0.35,fast,600000,1.0,0.0,5.0
0.35,fast,600001,1.0,0.04999999999999982,7.0
0.35,fast,600002,1.0,0.050000000000000044,7.0
0.35,fast,600003,1.0,0.0,7.0
0.35,fast,600004,1.0,0.0,7.0
0.35,fast,600005,1.0,0.04999999999999982,7.0
0.35,fast,600006,1.0,0.0,5.0
0.35,fast,600007,1.0,0.050000000000000044,6.0
0.35,fast,600008,1.0,0.0,7.0
0.35,fast,600009,0.0,0.10000000000000009,7.0
0.35,fast,700000,1.0,0.0,5.0
0.35,fast,700001,1.0,0.04999999999999982,7.0
0.35,fast,700002,1.0,0.050000000000000044,7.0
0.35,fast,700003,1.0,0.0,7.0
0.35,fast,700004,1.0,0.0,7.0
0.35,fast,700005,0.0,0.050000000000000266,7.0
0.35,fast,700006,1.0,0.0,3.0
0.35,fast,700007,1.0,0.050000000000000044,5.0
0.35,fast,700008,1.0,0.0,7.0
0.35,fast,700009,0.0,0.09999999999999964,7.0
0.35,fast,800000,1.0,0.0,5.0
0.35,fast,800001,1.0,0.04999999999999982,7.0
0.35,fast,800002,0.0,0.1499999999999999,7.0
0.35,fast,800003,1.0,0.0,7.0
0.35,fast,800004,1.0,0.0,5.0
0.35,fast,800005,1.0,0.04999999999999982,7.0
0.35,fast,800006,1.0,0.0,4.0
0.35,fast,800007,1.0,0.050000000000000044,5.0
0.35,fast,800008,1.0,0.0,7.0
0.35,fast,800009,1.0,0.0,7.0
0.35,fast,900000,1.0,0.0,5.0
0.35,fast,900001,1.0,0.04999999999999982,7.0
0.35,fast,900002,1.0,0.050000000000000044,7.0
0.35,fast,900003,1.0,0.0,7.0
0.35,fast,900004,1.0,0.0,5.0
0.35,fast,900005,1.0,0.04999999999999982,7.0
0.35,fast,900006,1.0,0.0,3.0
0.35,fast,900007,1.0,0.050000000000000044,5.0
0.35,fast,900008,0.0,0.09999999999999987,7.0
0.35,fast,900009,0.0,0.10000000000000009,7.0
0.35,slow,0,0.0,0.10000000000000009,10.0
0.35,slow,1,0.0,0.25,10.0
0.35,slow,2,1.0,0.050000000000000044,10.0
0.35,slow,3,0.0,0.10000000000000009,10.0
0.35,slow,4,0.0,0.19999999999999996,10.0
0.35,slow,5,0.0,0.25,10.0
0.35,slow,6,1.0,0.0,10.0
0.35,slow,7,0.0,0.15000000000000002,10.0
0.35,slow,8,0.0,0.10000000000000009,10.0
0.35,slow,9,0.0,0.2999999999999998,10.0
0.35,slow,100000,0.0,0.10000000000000009,10.0
0.35,slow,100001,0.0,0.25,10.0
0.35,slow,100002,1.0,0.050000000000000044,10.0
0.35,slow,100003,0.0,0.10000000000000009,10.0
0.35,slow,100004,0.0,0.19999999999999996,10.0
0.35,slow,100005,0.0,0.25,10.0
0.35,slow,100006,1.0,0.0,10.0
0.35,slow,100007,0.0,0.15000000000000002,10.0
0.35,slow,100008,0.0,0.10000000000000009,10.0
0.35,slow,100009,0.0,0.2999999999999998,10.0
0.35,slow,200000,0.0,0.10000000000000009,10.0
0.35,slow,200001,0.0,0.25,10.0
0.35,slow,200002,1.0,0.050000000000000044,10.0
0.35,slow,200003,0.0,0.10000000000000009,10.0
0.35,slow,200004,0.0,0.19999999999999996,10.0
0.35,slow,200005,0.0,0.25,10.0
0.35,slow,200006,1.0,0.0,10.0
0.35,slow,200007,0.0,0.15000000000000002,10.0
0.35,slow,200008,0.0,0.10000000000000009,10.0
0.35,slow,200009,0.0,0.2999999999999998,10.0
0.35,slow,300000,0.0,0.10000000000000009,10.0
0.35,slow,300001,0.0,0.25,10.0
0.35,slow,300002,1.0,0.050000000000000044,10.0
0.35,slow,300003,0.0,0.10000000000000009,10.0
0.35,slow,300004,0.0,0.19999999999999996,10.0
0.35,slow,300005,0.0,0.25,10.0
0.35,slow,300006,1.0,0.0,10.0
0.35,slow,300007,0.0,0.15000000000000002,10.0
0.35,slow,300008,0.0,0.10000000000000009,10.0
0.35,slow,300009,0.0,0.2999999999999998,10.0
0.35,slow,400000,0.0,0.10000000000000009,10.0
0.35,slow,400001,0.0,0.25,10.0
0.35,slow,400002,1.0,0.050000000000000044,10.0
0.35,slow,400003,0.0,0.10000000000000009,10.0
0.35,slow,400004,0.0,0.19999999999999996,10.0
0.35,slow,400005,0.0,0.25,10.0
0.35,slow,400006,1.0,0.0,10.0
0.35,slow,400007,0.0,0.15000000000000002,10.0
0.35,slow,400008,0.0,0.10000000000000009,10.0
0.35,slow,400009,0.0,0.2999999999999998,10.0
0.35,slow,500000,0.0,0.10000000000000009,10.0
0.35,slow,500001,0.0,0.25,10.0
0.35,slow,500002,1.0,0.050000000000000044,10.0
0.35,slow,500003,0.0,0.10000000000000009,10.0
0.35,slow,500004,0.0,0.19999999999999996,10.0
0.35,slow,500005,0.0,0.25,10.0
0.35,slow,500006,1.0,0.0,10.0
0.35,slow,500007,0.0,0.15000000000000002,10.0
0.35,slow,500008,0.0,0.10000000000000009,10.0
0.35,slow,500009,0.0,0.2999999999999998,10.0
0.35,slow,600000,0.0,0.10000000000000009,10.0
0.35,slow,600001,0.0,0.25,10.0
0.35,slow,600002,1.0,0.050000000000000044,10.0
0.35,slow,600003,0.0,0.10000000000000009,10.0
0.35,slow,600004,0.0,0.19999999999999996,10.0
0.35,slow,600005,0.0,0.25,10.0
0.35,slow,600006,1.0,0.0,10.0
0.35,slow,600007,0.0,0.15000000000000002,10.0
0.35,slow,600008,0.0,0.10000000000000009,10.0
0.35,slow,600009,0.0,0.2999999999999998,10.0
0.35,slow,700000,0.0,0.10000000000000009,10.0
0.35,slow,700001,0.0,0.25,10.0
0.35,slow,700002,1.0,0.050000000000000044,10.0
0.35,slow,700003,0.0,0.10000000000000009,10.0
0.35,slow,700004,0.0,0.19999999999999996,10.0
0.35,slow,700005,0.0,0.25,10.0
0.35,slow,700006,1.0,0.0,10.0
0.35,slow,700007,0.0,0.15000000000000002,10.0
0.35,slow,700008,0.0,0.10000000000000009,10.0
0.35,slow,700009,0.0,0.2999999999999998,10.0
0.35,slow,800000,0.0,0.10000000000000009,10.0
0.35,slow,800001,0.0,0.25,10.0
0.35,slow,800002,1.0,0.050000000000000044,10.0
0.35,slow,800003,0.0,0.10000000000000009,10.0
0.35,slow,800004,0.0,0.19999999999999996,10.0
0.35,slow,800005,0.0,0.25,10.0
0.35,slow,800006,1.0,0.0,10.0
0.35,slow,800007,0.0,0.15000000000000002,10.0
0.35,slow,800008,0.0,0.10000000000000009,10.0
0.35,slow,800009,0.0,0.2999999999999998,10.0
0.35,slow,900000,0.0,0.10000000000000009,10.0
0.35,slow,900001,0.0,0.25,10.0
0.35,slow,900002,1.0,0.050000000000000044,10.0
0.35,slow,900003,0.0,0.10000000000000009,10.0
0.35,slow,900004,0.0,0.19999999999999996,10.0
0.35,slow,900005,0.0,0.25,10.0
0.35,slow,900006,1.0,0.0,10.0
0.35,slow,900007,0.0,0.15000000000000002,10.0
0.35,slow,900008,0.0,0.10000000000000009,10.0
0.35,slow,900009,0.0,0.2999999999999998,10.0
0.4,fast,0,1.0,0.0,5.0
0.4,fast,1,1.0,0.04999999999999982,7.0
0.4,fast,2,1.0,0.050000000000000044,7.0
0.4,fast,3,1.0,0.0,7.0
0.4,fast,4,1.0,0.0,7.0
0.4,fast,5,1.0,0.04999999999999982,7.0
0.4,fast,6,1.0,0.0,3.0
0.4,fast,7,1.0,0.050000000000000044,6.0
0.4,fast,8,1.0,0.0,7.0
0.4,fast,9,1.0,0.0,6.0
0.4,fast,100000,1.0,0.0,5.0
0.4,fast,100001,1.0,0.04999999999999982,5.0
0.4,fast,100002,1.0,0.050000000000000044,7.0
0.4,fast,100003,0.0,0.09999999999999987,7.0
0.4,fast,100004,1.0,0.0,5.0
0.4,fast,100005,1.0,0.04999999999999982,7.0
0.4,fast,100006,1.0,0.0,3.0
0.4,fast,100007,1.0,0.050000000000000044,7.0
0.4,fast,100008,1.0,0.0,7.0
0.4,fast,100009,1.0,0.0,5.0
0.4,fast,200000,1.0,0.0,5.0
0.4,fast,200001,1.0,0.04999999999999982,5.0
0.4,fast,200002,1.0,0.050000000000000044,7.0
0.4,fast,200003,1.0,0.0,7.0
0.4,fast,200004,1.0,0.0,5.0
0.4,fast,200005,1.0,0.04999999999999982,5.0
0.4,fast,200006,1.0,0.0,3.0
0.4,fast,200007,1.0,0.050000000000000044,5.0
0.4,fast,200008,0.0,0.10000000000000009,7.0
0.4,fast,200009,1.0,0.0,5.0
0.4,fast,300000,1.0,0.0,5.0
0.4,fast,300001,1.0,0.04999999999999982,5.0
0.4,fast,300002,1.0,0.050000000000000044,7.0
0.4,fast,300003,1.0,0.0,7.0
0.4,fast,300004,1.0,0.0,5.0
0.4,fast,300005,0.0,0.1499999999999999,7.0
0.4,fast,300006,1.0,0.0,3.0
0.4,fast,300007,1.0,0.050000000000000044,6.0
0.4,fast,300008,1.0,0.0,7.0
0.4,fast,300009,1.0,0.0,5.0
0.4,fast,400000,1.0,0.0,5.0
0.4,fast,400001,1.0,0.04999999999999982,5.0
0.4,fast,400002,1.0,0.050000000000000044,7.0
0.4,fast,400003,1.0,0.0,7.0
0.4,fast,400004,1.0,0.0,5.0
0.4,fast,400005,1.0,0.04999999999999982,7.0
0.4,fast,400006,1.0,0.0,3.0
0.4,fast,400007,1.0,0.050000000000000044,7.0
0.4,fast,400008,1.0,0.0,7.0
0.4,fast,400009,1.0,0.0,7.0
0.4,fast,500000,1.0,0.0,5.0
0.4,fast,500001,1.0,0.04999999999999982,5.0
0.4,fast,500002,1.0,0.050000000000000044,7.0
0.4,fast,500003,1.0,0.0,7.0
0.4,fast,500004,1.0,0.0,5.0
0.4,fast,500005,1.0,0.04999999999999982,5.0
0.4,fast,500006,1.0,0.0,5.0
0.4,fast,500007,1.0,0.050000000000000044,7.0
0.4,fast,500008,1.0,0.0,7.0
0.4,fast,500009,1.0,0.0,5.0
0.4,fast,600000,1.0,0.0,5.0
0.4,fast,600001,1.0,0.04999999999999982,5.0
0.4,fast,600002,1.0,0.050000000000000044,7.0
0.4,fast,600003,1.0,0.0,7.0
0.4,fast,600004,1.0,0.0,7.0
0.4,fast,600005,1.0,0.04999999999999982,7.0
0.4,fast,600006,1.0,0.0,5.0
0.4,fast,600007,1.0,0.050000000000000044,6.0
0.4,fast,600008,1.0,0.0,7.0
0.4,fast,600009,1.0,0.0,5.0
0.4,fast,700000,1.0,0.0,5.0
0.4,fast,700001,1.0,0.04999999999999982,7.0
0.4,fast,700002,1.0,0.050000000000000044,7.0
0.4,fast,700003,1.0,0.0,7.0
0.4,fast,700004,1.0,0.0,7.0
0.4,fast,700005,0.0,0.050000000000000266,7.0
0.4,fast,700006,1.0,0.0,3.0
0.4,fast,700007,1.0,0.050000000000000044,5.0
0.4,fast,700008,1.0,0.0,7.0
0.4,fast,700009,1.0,0.0,5.0
0.4,fast,800000,1.0,0.0,5.0
0.4,fast,800001,1.0,0.04999999999999982,7.0
0.4,fast,800002,0.0,0.1499999999999999,7.0
0.4,fast,800003,1.0,0.0,7.0
0.4,fast,800004,1.0,0.0,5.0
0.4,fast,800005,1.0,0.04999999999999982,7.0
0.4,fast,800006,1.0,0.0,4.0
0.4,fast,800007,1.0,0.050000000000000044,5.0
0.4,fast,800008,1.0,0.0,7.0
0.4,fast,800009,1.0,0.0,5.0
0.4,fast,900000,1.0,0.0,5.0
0.4,fast,900001,1.0,0.04999999999999982,7.0
0.4,fast,900002,1.0,0.050000000000000044,7.0
0.4,fast,900003,1.0,0.0,7.0
0.4,fast,900004,1.0,0.0,5.0
0.4,fast,900005,1.0,0.04999999999999982,7.0
0.4,fast,900006,1.0,0.0,3.0
0.4,fast,900007,1.0,0.050000000000000044,5.0
0.4,fast,900008,0.0,0.09999999999999987,7.0
0.4,fast,900009,1.0,0.0,5.0
0.4,slow,0,0.0,0.10000000000000009,10.0
0.4,slow,1,0.0,0.25,10.0
0.4,slow,2,1.0,0.050000000000000044,10.0
0.4,slow,3,0.0,0.10000000000000009,10.0
0.4,slow,4,0.0,0.19999999999999996,10.0
0.4,slow,5,0.0,0.25,10.0
0.4,slow,6,1.0,0.0,10.0
0.4,slow,7,0.0,0.25,10.0
0.4,slow,8,1.0,0.0,10.0
0.4,slow,9,0.0,0.2999999999999998,10.0
0.4,slow,100000,0.0,0.10000000000000009,10.0
0.4,slow,100001,0.0,0.25,10.0
0.4,slow,100002,1.0,0.050000000000000044,10.0
0.4,slow,100003,0.0,0.10000000000000009,10.0
0.4,slow,100004,0.0,0.19999999999999996,10.0
0.4,slow,100005,0.0,0.25,10.0
0.4,slow,100006,1.0,0.0,10.0
0.4,slow,100007,0.0,0.25,10.0
0.4,slow,100008,1.0,0.0,10.0
0.4,slow,100009,0.0,0.2999999999999998,10.0
0.4,slow,200000,0.0,0.10000000000000009,10.0
0.4,slow,200001,0.0,0.25,10.0
0.4,slow,200002,1.0,0.050000000000000044,10.0
0.4,slow,200003,0.0,0.10000000000000009,10.0
0.4,slow,200004,0.0,0.19999999999999996,10.0
0.4,slow,200005,0.0,0.25,10.0
0.4,slow,200006,1.0,0.0,10.0
0.4,slow,200007,0.0,0.25,10.0
0.4,slow,200008,1.0,0.0,10.0
0.4,slow,200009,0.0,0.2999999999999998,10.0
0.4,slow,300000,0.0,0.10000000000000009,10.0
0.4,slow,300001,0.0,0.25,10.0
0.4,slow,300002,1.0,0.050000000000000044,10.0
0.4,slow,300003,0.0,0.10000000000000009,10.0
0.4,slow,300004,0.0,0.19999999999999996,10.0
0.4,slow,300005,0.0,0.25,10.0
0.4,slow,300006,1.0,0.0,10.0
0.4,slow,300007,0.0,0.25,10.0
0.4,slow,300008,1.0,0.0,10.0
0.4,slow,300009,0.0,0.2999999999999998,10.0
0.4,slow,400000,0.0,0.10000000000000009,10.0
0.4,slow,400001,0.0,0.25,10.0
0.4,slow,400002,1.0,0.050000000000000044,10.0
0.4,slow,400003,0.0,0.10000000000000009,10.0
0.4,slow,400004,0.0,0.19999999999999996,10.0
0.4,slow,400005,0.0,0.25,10.0
0.4,slow,400006,1.0,0.0,10.0
0.4,slow,400007,0.0,0.25,10.0
0.4,slow,400008,1.0,0.0,10.0
0.4,slow,400009,0.0,0.2999999999999998,10.0
0.4,slow,500000,0.0,0.10000000000000009,10.0
0.4,slow,500001,0.0,0.25,10.0
0.4,slow,500002,1.0,0.050000000000000044,10.0
0.4,slow,500003,0.0,0.10000000000000009,10.0
0.4,slow,500004,0.0,0.19999999999999996,10.0
0.4,slow,500005,0.0,0.25,10.0
0.4,slow,500006,1.0,0.0,10.0
0.4,slow,500007,0.0,0.25,10.0
0.4,slow,500008,1.0,0.0,10.0
0.4,slow,500009,0.0,0.2999999999999998,10.0
0.4,slow,600000,0.0,0.10000000000000009,10.0
0.4,slow,600001,0.0,0.25,10.0
0.4,slow,600002,1.0,0.050000000000000044,10.0
0.4,slow,600003,0.0,0.10000000000000009,10.0
0.4,slow,600004,0.0,0.19999999999999996,10.0
0.4,slow,600005,0.0,0.25,10.0
0.4,slow,600006,1.0,0.0,10.0
0.4,slow,600007,0.0,0.25,10.0
0.4,slow,600008,1.0,0.0,10.0
0.4,slow,600009,0.0,0.2999999999999998,10.0
0.4,slow,700000,0.0,0.10000000000000009,10.0
0.4,slow,700001,0.0,0.25,10.0
0.4,slow,700002,1.0,0.050000000000000044,10.0
0.4,slow,700003,0.0,0.10000000000000009,10.0
0.4,slow,700004,0.0,0.19999999999999996,10.0
0.4,slow,700005,0.0,0.25,10.0
0.4,slow,700006,1.0,0.0,10.0
0.4,slow,700007,0.0,0.25,10.0
0.4,slow,700008,1.0,0.0,10.0
0.4,slow,700009,0.0,0.2999999999999998,10.0
0.4,slow,800000,0.0,0.10000000000000009,10.0
0.4,slow,800001,0.0,0.25,10.0
0.4,slow,800002,1.0,0.050000000000000044,10.0
0.4,slow,800003,0.0,0.10000000000000009,10.0
0.4,slow,800004,0.0,0.19999999999999996,10.0
0.4,slow,800005,0.0,0.25,10.0
0.4,slow,800006,1.0,0.0,10.0
0.4,slow,800007,0.0,0.25,10.0
0.4,slow,800008,1.0,0.0,10.0
0.4,slow,800009,0.0,0.2999999999999998,10.0
0.4,slow,900000,0.0,0.10000000000000009,10.0
0.4,slow,900001,0.0,0.25,10.0
0.4,slow,900002,1.0,0.050000000000000044,10.0
0.4,slow,900003,0.0,0.10000000000000009,10.0
0.4,slow,900004,0.0,0.19999999999999996,10.0
0.4,slow,900005,0.0,0.25,10.0
0.4,slow,900006,1.0,0.0,10.0
0.4,slow,900007,0.0,0.25,10.0
0.4,slow,900008,1.0,0.0,10.0
0.4,slow,900009,0.0,0.2999999999999998,10.0
0.45,fast,0,1.0,0.0,5.0
0.45,fast,1,1.0,0.04999999999999982,7.0
0.45,fast,2,1.0,0.050000000000000044,7.0
0.45,fast,3,1.0,0.0,7.0
0.45,fast,4,1.0,0.0,7.0
0.45,fast,5,1.0,0.04999999999999982,5.0
0.45,fast,6,1.0,0.0,3.0
0.45,fast,7,1.0,0.050000000000000044,6.0
0.45,fast,8,1.0,0.0,7.0
0.45,fast,9,1.0,0.0,6.0
0.45,fast,100000,1.0,0.0,5.0
0.45,fast,100001,1.0,0.04999999999999982,5.0
0.45,fast,100002,1.0,0.050000000000000044,7.0
0.45,fast,100003,0.0,0.09999999999999987,7.0
0.45,fast,100004,1.0,0.0,5.0
0.45,fast,100005,1.0,0.04999999999999982,5.0
0.45,fast,100006,1.0,0.0,3.0
0.45,fast,100007,1.0,0.050000000000000044,7.0
0.45,fast,100008,1.0,0.0,7.0
0.45,fast,100009,1.0,0.0,5.0
0.45,fast,200000,1.0,0.0,5.0
0.45,fast,200001,1.0,0.04999999999999982,5.0
0.45,fast,200002,1.0,0.050000000000000044,7.0
0.45,fast,200003,1.0,0.0,7.0
0.45,fast,200004,1.0,0.0,5.0
0.45,fast,200005,1.0,0.04999999999999982,5.0
0.45,fast,200006,1.0,0.0,3.0
0.45,fast,200007,1.0,0.050000000000000044,5.0
0.45,fast,200008,0.0,0.10000000000000009,7.0
0.45,fast,200009,1.0,0.0,5.0
0.45,fast,300000,1.0,0.0,5.0
0.45,fast,300001,1.0,0.04999999999999982,5.0
0.45,fast,300002,1.0,0.050000000000000044,7.0
0.45,fast,300003,1.0,0.0,7.0
0.45,fast,300004,1.0,0.0,5.0
0.45,fast,300005,1.0,0.04999999999999982,5.0
0.45,fast,300006,1.0,0.0,3.0
0.45,fast,300007,1.0,0.050000000000000044,6.0
0.45,fast,300008,1.0,0.0,7.0
0.45,fast,300009,1.0,0.0,5.0
0.45,fast,400000,1.0,0.0,5.0
0.45,fast,400001,1.0,0.04999999999999982,5.0
0.45,fast,400002,1.0,0.050000000000000044,7.0
0.45,fast,400003,1.0,0.0,7.0
0.45,fast,400004,1.0,0.0,5.0
0.45,fast,400005,1.0,0.04999999999999982,5.0
0.45,fast,400006,1.0,0.0,3.0
0.45,fast,400007,1.0,0.050000000000000044,7.0
0.45,fast,400008,1.0,0.0,7.0
0.45,fast,400009,1.0,0.0,7.0
0.45,fast,500000,1.0,0.0,5.0
0.45,fast,500001,1.0,0.04999999999999982,5.0
0.45,fast,500002,1.0,0.050000000000000044,7.0
0.45,fast,500003,1.0,0.0,7.0
0.45,fast,500004,1.0,0.0,5.0
0.45,fast,500005,1.0,0.04999999999999982,5.0
0.45,fast,500006,1.0,0.0,5.0
0.45,fast,500007,1.0,0.050000000000000044,7.0
0.45,fast,500008,1.0,0.0,7.0
0.45,fast,500009,1.0,0.0,5.0
0.45,fast,600000,1.0,0.0,5.0
0.45,fast,600001,1.0,0.04999999999999982,5.0
0.45,fast,600002,1.0,0.050000000000000044,7.0
0.45,fast,600003,1.0,0.0,7.0
0.45,fast,600004,1.0,0.0,7.0
0.45,fast,600005,1.0,0.04999999999999982,7.0
0.45,fast,600006,1.0,0.0,5.0
0.45,fast,600007,1.0,0.050000000000000044,6.0
0.45,fast,600008,1.0,0.0,7.0
0.45,fast,600009,1.0,0.0,5.0
0.45,fast,700000,1.0,0.0,5.0
0.45,fast,700001,1.0,0.04999999999999982,7.0
0.45,fast,700002,1.0,0.050000000000000044,7.0
0.45,fast,700003,1.0,0.0,7.0
0.45,fast,700004,1.0,0.0,7.0
0.45,fast,700005,1.0,0.04999999999999982,5.0
0.45,fast,700006,1.0,0.0,3.0
0.45,fast,700007,1.0,0.050000000000000044,5.0
0.45,fast,700008,1.0,0.0,7.0
0.45,fast,700009,1.0,0.0,5.0
0.45,fast,800000,1.0,0.0,5.0
0.45,fast,800001,1.0,0.04999999999999982,7.0
0.45,fast,800002,0.0,0.1499999999999999,7.0
0.45,fast,800003,1.0,0.0,7.0
0.45,fast,800004,1.0,0.0,5.0
0.45,fast,800005,1.0,0.04999999999999982,5.0
0.45,fast,800006,1.0,0.0,4.0
0.45,fast,800007,1.0,0.050000000000000044,5.0
0.45,fast,800008,1.0,0.0,7.0
0.45,fast,800009,1.0,0.0,5.0
0.45,fast,900000,1.0,0.0,5.0
0.45,fast,900001,1.0,0.04999999999999982,7.0
0.45,fast,900002,1.0,0.050000000000000044,7.0
0.45,fast,900003,1.0,0.0,7.0
0.45,fast,900004,1.0,0.0,5.0
0.45,fast,900005,1.0,0.04999999999999982,7.0
0.45,fast,900006,1.0,0.0,3.0
0.45,fast,900007,1.0,0.050000000000000044,5.0
0.45,fast,900008,0.0,0.09999999999999987,7.0
0.45,fast,900009,1.0,0.0,5.0
0.45,slow,0,0.0,0.10000000000000009,10.0
0.45,slow,1,0.0,0.25,10.0
0.45,slow,2,1.0,0.050000000000000044,10.0
0.45,slow,3,0.0,0.10000000000000009,10.0
0.45,slow,4,0.0,0.19999999999999996,10.0
0.45,slow,5,0.0,0.25,10.0
0.45,slow,6,1.0,0.0,10.0
0.45,slow,7,0.0,0.25,10.0
0.45,slow,8,1.0,0.0,10.0
0.45,slow,9,0.0,0.2999999999999998,10.0
0.45,slow,100000,0.0,0.10000000000000009,10.0
0.45,slow,100001,0.0,0.25,10.0
0.45,slow,100002,1.0,0.050000000000000044,10.0
0.45,slow,100003,0.0,0.10000000000000009,10.0
0.45,slow,100004,0.0,0.19999999999999996,10.0
0.45,slow,100005,0.0,0.25,10.0
0.45,slow,100006,1.0,0.0,10.0
0.45,slow,100007,0.0,0.25,10.0
0.45,slow,100008,1.0,0.0,10.0
0.45,slow,100009,0.0,0.2999999999999998,10.0
0.45,slow,200000,0.0,0.10000000000000009,10.0
0.45,slow,200001,0.0,0.25,10.0
0.45,slow,200002,1.0,0.050000000000000044,10.0
0.45,slow,200003,0.0,0.10000000000000009,10.0
0.45,slow,200004,0.0,0.19999999999999996,10.0
0.45,slow,200005,0.0,0.25,10.0
0.45,slow,200006,1.0,0.0,10.0
0.45,slow,200007,0.0,0.25,10.0
0.45,slow,200008,1.0,0.0,10.0
0.45,slow,200009,0.0,0.2999999999999998,10.0
0.45,slow,300000,0.0,0.10000000000000009,10.0
0.45,slow,300001,0.0,0.25,10.0
0.45,slow,300002,1.0,0.050000000000000044,10.0
0.45,slow,300003,0.0,0.10000000000000009,10.0
0.45,slow,300004,0.0,0.19999999999999996,10.0
0.45,slow,300005,0.0,0.25,10.0
0.45,slow,300006,1.0,0.0,10.0
0.45,slow,300007,0.0,0.25,10.0
0.45,slow,300008,1.0,0.0,10.0
0.45,slow,300009,0.0,0.2999999999999998,10.0
0.45,slow,400000,0.0,0.10000000000000009,10.0
0.45,slow,400001,0.0,0.25,10.0
0.45,slow,400002,1.0,0.050000000000000044,10.0
0.45,slow,400003,0.0,0.10000000000000009,10.0
0.45,slow,400004,0.0,0.19999999999999996,10.0
0.45,slow,400005,0.0,0.25,10.0
0.45,slow,400006,1.0,0.0,10.0
0.45,slow,400007,0.0,0.25,10.0
0.45,slow,400008,1.0,0.0,10.0
0.45,slow,400009,0.0,0.2999999999999998,10.0
0.45,slow,500000,0.0,0.10000000000000009,10.0
0.45,slow,500001,0.0,0.25,10.0
0.45,slow,500002,1.0,0.050000000000000044,10.0
0.45,slow,500003,0.0,0.10000000000000009,10.0
0.45,slow,500004,0.0,0.19999999999999996,10.0
0.45,slow,500005,0.0,0.25,10.0
0.45,slow,500006,1.0,0.0,10.0
0.45,slow,500007,0.0,0.25,10.0
0.45,slow,500008,1.0,0.0,10.0
0.45,slow,500009,0.0,0.2999999999999998,10.0
0.45,slow,600000,0.0,0.10000000000000009,10.0
0.45,slow,600001,0.0,0.25,10.0
0.45,slow,600002,1.0,0.050000000000000044,10.0
0.45,slow,600003,0.0,0.10000000000000009,10.0
0.45,slow,600004,0.0,0.19999999999999996,10.0
0.45,slow,600005,0.0,0.25,10.0
0.45,slow,600006,1.0,0.0,10.0
0.45,slow,600007,0.0,0.25,10.0
0.45,slow,600008,1.0,0.0,10.0
0.45,slow,600009,0.0,0.2999999999999998,10.0
0.45,slow,700000,0.0,0.10000000000000009,10.0
0.45,slow,700001,0.0,0.25,10.0
0.45,slow,700002,1.0,0.050000000000000044,10.0
0.45,slow,700003,0.0,0.10000000000000009,10.0
0.45,slow,700004,0.0,0.19999999999999996,10.0
0.45,slow,700005,0.0,0.25,10.0
0.45,slow,700006,1.0,0.0,10.0
0.45,slow,700007,0.0,0.25,10.0
0.45,slow,700008,1.0,0.0,10.0
0.45,slow,700009,0.0,0.2999999999999998,10.0
0.45,slow,800000,0.0,0.10000000000000009,10.0
0.45,slow,800001,0.0,0.25,10.0
0.45,slow,800002,1.0,0.050000000000000044,10.0
0.45,slow,800003,0.0,0.10000000000000009,10.0
0.45,slow,800004,0.0,0.19999999999999996,10.0
0.45,slow,800005,0.0,0.25,10.0
0.45,slow,800006,1.0,0.0,10.0
0.45,slow,800007,0.0,0.25,10.0
0.45,slow,800008,1.0,0.0,10.0
0.45,slow,800009,0.0,0.2999999999999998,10.0
0.45,slow,900000,0.0,0.10000000000000009,10.0
0.45,slow,900001,0.0,0.25,10.0
0.45,slow,900002,1.0,0.050000000000000044,10.0
0.45,slow,900003,0.0,0.10000000000000009,10.0
0.45,slow,900004,0.0,0.19999999999999996,10.0
0.45,slow,900005,0.0,0.25,10.0
0.45,slow,900006,1.0,0.0,10.0
0.45,slow,900007,0.0,0.25,10.0
0.45,slow,900008,1.0,0.0,10.0
0.45,slow,900009,0.0,0.2999999999999998,10.0
0.5,fast,0,1.0,0.0,5.0
0.5,fast,1,1.0,0.04999999999999982,7.0
0.5,fast,2,1.0,0.050000000000000044,7.0
0.5,fast,3,1.0,0.0,7.0
0.5,fast,4,1.0,0.0,7.0
0.5,fast,5,1.0,0.04999999999999982,5.0
0.5,fast,6,1.0,0.0,3.0
0.5,fast,7,1.0,0.050000000000000044,6.0
0.5,fast,8,1.0,0.0,7.0
0.5,fast,9,1.0,0.0,6.0
0.5,fast,100000,1.0,0.0,5.0
0.5,fast,100001,1.0,0.04999999999999982,5.0
0.5,fast,100002,1.0,0.050000000000000044,7.0
0.5,fast,100003,1.0,0.0,7.0
0.5,fast,100004,1.0,0.0,5.0
0.5,fast,100005,1.0,0.04999999999999982,5.0
0.5,fast,100006,1.0,0.0,3.0
0.5,fast,100007,1.0,0.050000000000000044,7.0
0.5,fast,100008,1.0,0.0,7.0
0.5,fast,100009,1.0,0.0,5.0
0.5,fast,200000,1.0,0.0,5.0
0.5,fast,200001,1.0,0.04999999999999982,5.0
0.5,fast,200002,1.0,0.050000000000000044,7.0
0.5,fast,200003,1.0,0.0,7.0
0.5,fast,200004,1.0,0.0,5.0
0.5,fast,200005,1.0,0.04999999999999982,5.0
0.5,fast,200006,1.0,0.0,3.0
0.5,fast,200007,1.0,0.050000000000000044,5.0
0.5,fast,200008,1.0,0.0,7.0
0.5,fast,200009,1.0,0.0,5.0
0.5,fast,300000,1.0,0.0,5.0
0.5,fast,300001,1.0,0.04999999999999982,5.0
0.5,fast,300002,1.0,0.050000000000000044,7.0
0.5,fast,300003,1.0,0.0,7.0
0.5,fast,300004,1.0,0.0,5.0
0.5,fast,300005,1.0,0.04999999999999982,5.0
0.5,fast,300006,1.0,0.0,3.0
0.5,fast,300007,1.0,0.050000000000000044,6.0
0.5,fast,300008,1.0,0.0,7.0
0.5,fast,300009,1.0,0.0,5.0
0.5,fast,400000,1.0,0.0,5.0
0.5,fast,400001,1.0,0.04999999999999982,5.0
0.5,fast,400002,1.0,0.050000000000000044,7.0
0.5,fast,400003,1.0,0.0,7.0
0.5,fast,400004,1.0,0.0,5.0
0.5,fast,400005,1.0,0.04999999999999982,5.0
0.5,fast,400006,1.0,0.0,3.0
0.5,fast,400007,1.0,0.050000000000000044,7.0
0.5,fast,400008,1.0,0.0,7.0
0.5,fast,400009,1.0,0.0,7.0
0.5,fast,500000,1.0,0.0,5.0
0.5,fast,500001,1.0,0.04999999999999982,5.0
0.5,fast,500002,1.0,0.050000000000000044,7.0
0.5,fast,500003,1.0,0.0,7.0
0.5,fast,500004,1.0,0.0,5.0
0.5,fast,500005,1.0,0.04999999999999982,5.0
0.5,fast,500006,1.0,0.0,5.0
0.5,fast,500007,1.0,0.050000000000000044,7.0
0.5,fast,500008,1.0,0.0,7.0
0.5,fast,500009,1.0,0.0,5.0
0.5,fast,600000,1.0,0.0,5.0
0.5,fast,600001,1.0,0.04999999999999982,5.0
0.5,fast,600002,1.0,0.050000000000000044,7.0
0.5,fast,600003,1.0,0.0,7.0
0.5,fast,600004,1.0,0.0,7.0
0.5,fast,600005,1.0,0.04999999999999982,7.0
0.5,fast,600006,1.0,0.0,5.0
0.5,fast,600007,1.0,0.050000000000000044,6.0
0.5,fast,600008,1.0,0.0,7.0
0.5,fast,600009,1.0,0.0,5.0
0.5,fast,700000,1.0,0.0,5.0
0.5,fast,700001,1.0,0.04999999999999982,7.0
0.5,fast,700002,1.0,0.050000000000000044,7.0
0.5,fast,700003,1.0,0.0,7.0
0.5,fast,700004,1.0,0.0,7.0
0.5,fast,700005,1.0,0.04999999999999982,5.0
0.5,fast,700006,1.0,0.0,3.0
0.5,fast,700007,1.0,0.050000000000000044,5.0
0.5,fast,700008,1.0,0.0,7.0
0.5,fast,700009,1.0,0.0,5.0
0.5,fast,800000,1.0,0.0,5.0
0.5,fast,800001,1.0,0.04999999999999982,7.0
0.5,fast,800002,1.0,0.050000000000000044,7.0
0.5,fast,800003,1.0,0.0,7.0
0.5,fast,800004,1.0,0.0,5.0
0.5,fast,800005,1.0,0.04999999999999982,5.0
0.5,fast,800006,1.0,0.0,4.0
0.5,fast,800007,1.0,0.050000000000000044,5.0
0.5,fast,800008,1.0,0.0,7.0
0.5,fast,800009,1.0,0.0,5.0
0.5,fast,900000,1.0,0.0,5.0
0.5,fast,900001,1.0,0.04999999999999982,7.0
0.5,fast,900002,1.0,0.050000000000000044,7.0
0.5,fast,900003,1.0,0.0,7.0
0.5,fast,900004,1.0,0.0,5.0
0.5,fast,900005,1.0,0.04999999999999982,7.0
0.5,fast,900006,1.0,0.0,3.0
0.5,fast,900007,1.0,0.050000000000000044,5.0
0.5,fast,900008,1.0,0.0,7.0
0.5,fast,900009,1.0,0.0,5.0
0.5,slow,0,0.0,0.10000000000000009,10.0
0.5,slow,1,0.0,0.1499999999999999,10.0
0.5,slow,2,1.0,0.050000000000000044,10.0
0.5,slow,3,0.0,0.30000000000000004,10.0
0.5,slow,4,0.0,0.19999999999999996,10.0
0.5,slow,5,0.0,0.25,10.0
0.5,slow,6,1.0,0.0,10.0
0.5,slow,7,0.0,0.25,10.0
0.5,slow,8,0.0,0.10000000000000009,10.0
0.5,slow,9,0.0,0.19999999999999973,10.0
0.5,slow,100000,0.0,0.10000000000000009,10.0
0.5,slow,100001,0.0,0.1499999999999999,10.0
0.5,slow,100002,1.0,0.050000000000000044,10.0
0.5,slow,100003,0.0,0.30000000000000004,10.0
0.5,slow,100004,0.0,0.19999999999999996,10.0
0.5,slow,100005,0.0,0.25,10.0
0.5,slow,100006,1.0,0.0,10.0
0.5,slow,100007,0.0,0.25,10.0
0.5,slow,100008,0.0,0.10000000000000009,10.0
0.5,slow,100009,0.0,0.19999999999999973,10.0
0.5,slow,200000,0.0,0.10000000000000009,10.0
0.5,slow,200001,0.0,0.1499999999999999,10.0
0.5,slow,200002,1.0,0.050000000000000044,10.0
0.5,slow,200003,0.0,0.30000000000000004,10.0
0.5,slow,200004,0.0,0.19999999999999996,10.0
0.5,slow,200005,0.0,0.25,10.0
0.5,slow,200006,1.0,0.0,10.0
0.5,slow,200007,0.0,0.25,10.0
0.5,slow,200008,0.0,0.10000000000000009,10.0
0.5,slow,200009,0.0,0.19999999999999973,10.0
0.5,slow,300000,0.0,0.10000000000000009,10.0
0.5,slow,300001,0.0,0.1499999999999999,10.0
0.5,slow,300002,1.0,0.050000000000000044,10.0
0.5,slow,300003,0.0,0.30000000000000004,10.0
0.5,slow,300004,0.0,0.19999999999999996,10.0
0.5,slow,300005,0.0,0.25,10.0
0.5,slow,300006,1.0,0.0,10.0
0.5,slow,300007,0.0,0.25,10.0
0.5,slow,300008,0.0,0.10000000000000009,10.0
0.5,slow,300009,0.0,0.19999999999999973,10.0
0.5,slow,400000,0.0,0.10000000000000009,10.0
0.5,slow,400001,0.0,0.1499999999999999,10.0
0.5,slow,400002,1.0,0.050000000000000044,10.0
0.5,slow,400003,0.0,0.30000000000000004,10.0
0.5,slow,400004,0.0,0.19999999999999996,10.0
0.5,slow,400005,0.0,0.25,10.0
0.5,slow,400006,1.0,0.0,10.0
0.5,slow,400007,0.0,0.25,10.0
0.5,slow,400008,0.0,0.10000000000000009,10.0
0.5,slow,400009,0.0,0.19999999999999973,10.0
0.5,slow,500000,0.0,0.10000000000000009,10.0
0.5,slow,500001,0.0,0.1499999999999999,10.0
0.5,slow,500002,1.0,0.050000000000000044,10.0
0.5,slow,500003,0.0,0.30000000000000004,10.0
0.5,slow,500004,0.0,0.19999999999999996,10.0
0.5,slow,500005,0.0,0.25,10.0
0.5,slow,500006,1.0,0.0,10.0
0.5,slow,500007,0.0,0.25,10.0
0.5,slow,500008,0.0,0.10000000000000009,10.0
0.5,slow,500009,0.0,0.19999999999999973,10.0
0.5,slow,600000,0.0,0.10000000000000009,10.0
0.5,slow,600001,0.0,0.1499999999999999,10.0
0.5,slow,600002,1.0,0.050000000000000044,10.0
0.5,slow,600003,0.0,0.30000000000000004,10.0
0.5,slow,600004,0.0,0.19999999999999996,10.0
0.5,slow,600005,0.0,0.25,10.0
0.5,slow,600006,1.0,0.0,10.0
0.5,slow,600007,0.0,0.25,10.0
0.5,slow,600008,0.0,0.10000000000000009,10.0
0.5,slow,600009,0.0,0.19999999999999973,10.0
0.5,slow,700000,0.0,0.10000000000000009,10.0
0.5,slow,700001,0.0,0.1499999999999999,10.0
0.5,slow,700002,1.0,0.050000000000000044,10.0
0.5,slow,700003,0.0,0.30000000000000004,10.0
0.5,slow,700004,0.0,0.19999999999999996,10.0
0.5,slow,700005,0.0,0.25,10.0
0.5,slow,700006,1.0,0.0,10.0
0.5,slow,700007,0.0,0.25,10.0
0.5,slow,700008,0.0,0.10000000000000009,10.0
0.5,slow,700009,0.0,0.19999999999999973,10.0
0.5,slow,800000,0.0,0.10000000000000009,10.0
0.5,slow,800001,0.0,0.1499999999999999,10.0
0.5,slow,800002,1.0,0.050000000000000044,10.0
0.5,slow,800003,0.0,0.30000000000000004,10.0
0.5,slow,800004,0.0,0.19999999999999996,10.0
0.5,slow,800005,0.0,0.25,10.0
0.5,slow,800006,1.0,0.0,10.0
0.5,slow,800007,0.0,0.25,10.0
0.5,slow,800008,0.0,0.10000000000000009,10.0
0.5,slow,800009,0.0,0.19999999999999973,10.0
0.5,slow,900000,0.0,0.10000000000000009,10.0
0.5,slow,900001,0.0,0.1499999999999999,10.0
0.5,slow,900002,1.0,0.050000000000000044,10.0
0.5,slow,900003,0.0,0.30000000000000004,10.0
0.5,slow,900004,0.0,0.19999999999999996,10.0
0.5,slow,900005,0.0,0.25,10.0
0.5,slow,900006,1.0,0.0,10.0
0.5,slow,900007,0.0,0.25,10.0
0.5,slow,900008,0.0,0.10000000000000009,10.0
0.5,slow,900009,0.0,0.19999999999999973,10.0
0.55,fast,0,1.0,0.0,5.0
0.55,fast,1,1.0,0.04999999999999982,7.0
0.55,fast,2,1.0,0.050000000000000044,7.0
0.55,fast,3,1.0,0.0,7.0
0.55,fast,4,1.0,0.0,7.0
0.55,fast,5,1.0,0.04999999999999982,5.0
0.55,fast,6,1.0,0.0,3.0
0.55,fast,7,1.0,0.050000000000000044,6.0
0.55,fast,8,1.0,0.0,7.0
0.55,fast,9,1.0,0.0,6.0
0.55,fast,100000,1.0,0.0,5.0
0.55,fast,100001,1.0,0.04999999999999982,5.0
0.55,fast,100002,1.0,0.050000000000000044,7.0
0.55,fast,100003,1.0,0.0,7.0
0.55,fast,100004,1.0,0.0,5.0
0.55,fast,100005,1.0,0.04999999999999982,5.0
0.55,fast,100006,1.0,0.0,3.0
0.55,fast,100007,1.0,0.050000000000000044,7.0
0.55,fast,100008,1.0,0.0,7.0
0.55,fast,100009,1.0,0.0,5.0
0.55,fast,200000,1.0,0.0,4.0
0.55,fast,200001,1.0,0.04999999999999982,5.0
0.55,fast,200002,1.0,0.050000000000000044,7.0
0.55,fast,200003,1.0,0.0,7.0
0.55,fast,200004,1.0,0.0,5.0
0.55,fast,200005,1.0,0.04999999999999982,5.0
0.55,fast,200006,1.0,0.0,3.0
0.55,fast,200007,1.0,0.050000000000000044,5.0
0.55,fast,200008,1.0,0.0,7.0
0.55,fast,200009,1.0,0.0,5.0
0.55,fast,300000,1.0,0.0,4.0
0.55,fast,300001,1.0,0.04999999999999982,5.0
0.55,fast,300002,1.0,0.050000000000000044,7.0
0.55,fast,300003,1.0,0.0,7.0
0.55,fast,300004,1.0,0.0,5.0
0.55,fast,300005,1.0,0.04999999999999982,5.0
0.55,fast,300006,1.0,0.0,3.0
0.55,fast,300007,1.0,0.050000000000000044,6.0
0.55,fast,300008,1.0,0.0,7.0
0.55,fast,300009,1.0,0.0,5.0
0.55,fast,400000,1.0,0.0,5.0
0.55,fast,400001,1.0,0.04999999999999982,5.0
0.55,fast,400002,1.0,0.050000000000000044,7.0
0.55,fast,400003,1.0,0.0,7.0
0.55,fast,400004,1.0,0.0,5.0
0.55,fast,400005,1.0,0.04999999999999982,5.0
0.55,fast,400006,1.0,0.0,3.0
0.55,fast,400007,1.0,0.050000000000000044,7.0
0.55,fast,400008,1.0,0.0,7.0
0.55,fast,400009,1.0,0.0,7.0
0.55,fast,500000,1.0,0.0,5.0
0.55,fast,500001,1.0,0.04999999999999982,5.0
0.55,fast,500002,1.0,0.050000000000000044,7.0
0.55,fast,500003,1.0,0.0,7.0
0.55,fast,500004,1.0,0.0,5.0
0.55,fast,500005,1.0,0.04999999999999982,5.0
0.55,fast,500006,1.0,0.0,5.0
0.55,fast,500007,1.0,0.050000000000000044,7.0
0.55,fast,500008,1.0,0.0,7.0
0.55,fast,500009,1.0,0.0,5.0
0.55,fast,600000,1.0,0.0,5.0
0.55,fast,600001,1.0,0.04999999999999982,5.0
0.55,fast,600002,1.0,0.050000000000000044,7.0
0.55,fast,600003,1.0,0.0,7.0
0.55,fast,600004,1.0,0.0,7.0
0.55,fast,600005,1.0,0.04999999999999982,7.0
0.55,fast,600006,1.0,0.0,5.0
0.55,fast,600007,1.0,0.050000000000000044,6.0
0.55,fast,600008,1.0,0.0,7.0
0.55,fast,600009,1.0,0.0,5.0
0.55,fast,700000,1.0,0.0,5.0
0.55,fast,700001,1.0,0.04999999999999982,7.0
0.55,fast,700002,1.0,0.050000000000000044,7.0
0.55,fast,700003,1.0,0.0,7.0
0.55,fast,700004,1.0,0.0,7.0
0.55,fast,700005,1.0,0.04999999999999982,5.0
0.55,fast,700006,1.0,0.0,3.0
0.55,fast,700007,1.0,0.050000000000000044,5.0
0.55,fast,700008,1.0,0.0,7.0
0.55,fast,700009,1.0,0.0,5.0
0.55,fast,800000,1.0,0.0,5.0
0.55,fast,800001,1.0,0.04999999999999982,7.0
0.55,fast,800002,1.0,0.050000000000000044,7.0
0.55,fast,800003,1.0,0.0,7.0
0.55,fast,800004,1.0,0.0,5.0
0.55,fast,800005,1.0,0.04999999999999982,5.0
0.55,fast,800006,1.0,0.0,4.0
0.55,fast,800007,1.0,0.050000000000000044,5.0
0.55,fast,800008,1.0,0.0,7.0
0.55,fast,800009,1.0,0.0,5.0
0.55,fast,900000,1.0,0.0,4.0
0.55,fast,900001,1.0,0.04999999999999982,7.0
0.55,fast,900002,1.0,0.050000000000000044,7.0
0.55,fast,900003,1.0,0.0,7.0
0.55,fast,900004,1.0,0.0,5.0
0.55,fast,900005,1.0,0.04999999999999982,7.0
0.55,fast,900006,1.0,0.0,3.0
0.55,fast,900007,1.0,0.050000000000000044,5.0
0.55,fast,900008,1.0,0.0,7.0
0.55,fast,900009,1.0,0.0,5.0
0.55,slow,0,0.0,0.10000000000000009,10.0
0.55,slow,1,0.0,0.25,10.0
0.55,slow,2,1.0,0.050000000000000044,10.0
0.55,slow,3,0.0,0.10000000000000009,10.0
0.55,slow,4,0.0,0.19999999999999996,10.0
0.55,slow,5,0.0,0.1499999999999999,10.0
0.55,slow,6,1.0,0.0,10.0
0.55,slow,7,0.0,0.25,10.0
0.55,slow,8,1.0,0.0,10.0
0.55,slow,9,0.0,0.2999999999999998,10.0
0.55,slow,100000,0.0,0.10000000000000009,10.0
0.55,slow,100001,0.0,0.25,10.0
0.55,slow,100002,1.0,0.050000000000000044,10.0
0.55,slow,100003,0.0,0.10000000000000009,10.0
0.55,slow,100004,0.0,0.19999999999999996,10.0
0.55,slow,100005,0.0,0.1499999999999999,10.0
0.55,slow,100006,1.0,0.0,10.0
0.55,slow,100007,0.0,0.25,10.0
0.55,slow,100008,1.0,0.0,10.0
0.55,slow,100009,0.0,0.2999999999999998,10.0
0.55,slow,200000,0.0,0.10000000000000009,10.0
0.55,slow,200001,0.0,0.25,10.0
0.55,slow,200002,1.0,0.050000000000000044,10.0
0.55,slow,200003,0.0,0.10000000000000009,10.0
0.55,slow,200004,0.0,0.19999999999999996,10.0
0.55,slow,200005,0.0,0.1499999999999999,10.0
0.55,slow,200006,1.0,0.0,10.0
0.55,slow,200007,0.0,0.25,10.0
0.55,slow,200008,1.0,0.0,10.0
0.55,slow,200009,0.0,0.2999999999999998,10.0
0.55,slow,300000,0.0,0.10000000000000009,10.0
0.55,slow,300001,0.0,0.25,10.0
0.55,slow,300002,1.0,0.050000000000000044,10.0
0.55,slow,300003,0.0,0.10000000000000009,10.0
0.55,slow,300004,0.0,0.19999999999999996,10.0
0.55,slow,300005,0.0,0.1499999999999999,10.0
0.55,slow,300006,1.0,0.0,10.0
0.55,slow,300007,0.0,0.25,10.0
0.55,slow,300008,1.0,0.0,10.0
0.55,slow,300009,0.0,0.2999999999999998,10.0
0.55,slow,400000,0.0,0.10000000000000009,10.0
0.55,slow,400001,0.0,0.25,10.0
0.55,slow,400002,1.0,0.050000000000000044,10.0
0.55,slow,400003,0.0,0.10000000000000009,10.0
0.55,slow,400004,0.0,0.19999999999999996,10.0
0.55,slow,400005,0.0,0.1499999999999999,10.0
0.55,slow,400006,1.0,0.0,10.0
0.55,slow,400007,0.0,0.25,10.0
0.55,slow,400008,1.0,0.0,10.0
0.55,slow,400009,0.0,0.2999999999999998,10.0
0.55,slow,500000,0.0,0.10000000000000009,10.0
0.55,slow,500001,0.0,0.25,10.0
0.55,slow,500002,1.0,0.050000000000000044,10.0
0.55,slow,500003,0.0,0.10000000000000009,10.0
0.55,slow,500004,0.0,0.19999999999999996,10.0
0.55,slow,500005,0.0,0.1499999999999999,10.0
0.55,slow,500006,1.0,0.0,10.0
0.55,slow,500007,0.0,0.25,10.0
0.55,slow,500008,1.0,0.0,10.0
0.55,slow,500009,0.0,0.2999999999999998,10.0
0.55,slow,600000,0.0,0.10000000000000009,10.0
0.55,slow,600001,0.0,0.25,10.0
0.55,slow,600002,1.0,0.050000000000000044,10.0
0.55,slow,600003,0.0,0.10000000000000009,10.0
0.55,slow,600004,0.0,0.19999999999999996,10.0
0.55,slow,600005,0.0,0.1499999999999999,10.0
0.55,slow,600006,1.0,0.0,10.0
0.55,slow,600007,0.0,0.25,10.0
0.55,slow,600008,1.0,0.0,10.0
0.55,slow,600009,0.0,0.2999999999999998,10.0
0.55,slow,700000,0.0,0.10000000000000009,10.0
0.55,slow,700001,0.0,0.25,10.0
0.55,slow,700002,1.0,0.050000000000000044,10.0
0.55,slow,700003,0.0,0.10000000000000009,10.0
0.55,slow,700004,0.0,0.19999999999999996,10.0
0.55,slow,700005,0.0,0.1499999999999999,10.0
0.55,slow,700006,1.0,0.0,10.0
0.55,slow,700007,0.0,0.25,10.0
0.55,slow,700008,1.0,0.0,10.0
0.55,slow,700009,0.0,0.2999999999999998,10.0
0.55,slow,800000,0.0,0.10000000000000009,10.0
0.55,slow,800001,0.0,0.25,10.0
0.55,slow,800002,1.0,0.050000000000000044,10.0
0.55,slow,800003,0.0,0.10000000000000009,10.0
0.55,slow,800004,0.0,0.19999999999999996,10.0
0.55,slow,800005,0.0,0.1499999999999999,10.0
0.55,slow,800006,1.0,0.0,10.0
0.55,slow,800007,0.0,0.25,10.0
0.55,slow,800008,1.0,0.0,10.0
0.55,slow,800009,0.0,0.2999999999999998,10.0
0.55,slow,900000,0.0,0.10000000000000009,10.0
0.55,slow,900001,0.0,0.25,10.0
0.55,slow,900002,1.0,0.050000000000000044,10.0
0.55,slow,900003,0.0,0.10000000000000009,10.0
0.55,slow,900004,0.0,0.19999999999999996,10.0
0.55,slow,900005,0.0,0.1499999999999999,10.0
0.55,slow,900006,1.0,0.0,10.0
0.55,slow,900007,0.0,0.25,10.0
0.55,slow,900008,1.0,0.0,10.0
0.55,slow,900009,0.0,0.2999999999999998,10.0
0.6,fast,0,1.0,0.0,4.0
0.6,fast,1,1.0,0.04999999999999982,7.0
0.6,fast,2,1.0,0.050000000000000044,6.0
0.6,fast,3,1.0,0.0,7.0
0.6,fast,4,1.0,0.0,7.0
0.6,fast,5,1.0,0.04999999999999982,5.0
0.6,fast,6,1.0,0.0,3.0
0.6,fast,7,1.0,0.050000000000000044,6.0
0.6,fast,8,1.0,0.0,7.0
0.6,fast,9,1.0,0.0,6.0
0.6,fast,100000,1.0,0.0,4.0
0.6,fast,100001,1.0,0.04999999999999982,5.0
0.6,fast,100002,1.0,0.050000000000000044,7.0
0.6,fast,100003,1.0,0.0,7.0
0.6,fast,100004,1.0,0.0,5.0
0.6,fast,100005,1.0,0.04999999999999982,5.0
0.6,fast,100006,1.0,0.0,3.0
0.6,fast,100007,1.0,0.050000000000000044,7.0
0.6,fast,100008,1.0,0.0,7.0
0.6,fast,100009,1.0,0.0,5.0
0.6,fast,200000,1.0,0.0,4.0
0.6,fast,200001,1.0,0.04999999999999982,5.0
0.6,fast,200002,1.0,0.050000000000000044,7.0
0.6,fast,200003,1.0,0.0,7.0
0.6,fast,200004,1.0,0.0,5.0
0.6,fast,200005,1.0,0.04999999999999982,5.0
0.6,fast,200006,1.0,0.0,3.0
0.6,fast,200007,1.0,0.050000000000000044,5.0
0.6,fast,200008,1.0,0.0,7.0
0.6,fast,200009,1.0,0.0,5.0
0.6,fast,300000,1.0,0.0,4.0
0.6,fast,300001,1.0,0.04999999999999982,5.0
0.6,fast,300002,1.0,0.050000000000000044,7.0
0.6,fast,300003,1.0,0.0,7.0
0.6,fast,300004,1.0,0.0,5.0
0.6,fast,300005,1.0,0.04999999999999982,5.0
0.6,fast,300006,1.0,0.0,3.0
0.6,fast,300007,1.0,0.050000000000000044,6.0
0.6,fast,300008,1.0,0.0,7.0
0.6,fast,300009,1.0,0.0,5.0
0.6,fast,400000,1.0,0.0,5.0
0.6,fast,400001,1.0,0.04999999999999982,5.0
0.6,fast,400002,1.0,0.050000000000000044,7.0
0.6,fast,400003,1.0,0.0,7.0
0.6,fast,400004,1.0,0.0,5.0
0.6,fast,400005,1.0,0.04999999999999982,5.0
0.6,fast,400006,1.0,0.0,3.0
0.6,fast,400007,1.0,0.050000000000000044,7.0
0.6,fast,400008,1.0,0.0,7.0
0.6,fast,400009,1.0,0.0,7.0
0.6,fast,500000,1.0,0.0,4.0
0.6,fast,500001,1.0,0.04999999999999982,5.0
0.6,fast,500002,1.0,0.050000000000000044,7.0
0.6,fast,500003,1.0,0.0,7.0
0.6,fast,500004,1.0,0.0,5.0
0.6,fast,500005,1.0,0.04999999999999982,5.0
0.6,fast,500006,1.0,0.0,5.0
0.6,fast,500007,1.0,0.050000000000000044,7.0
0.6,fast,500008,1.0,0.0,7.0
0.6,fast,500009,1.0,0.0,5.0
0.6,fast,600000,1.0,0.0,4.0
0.6,fast,600001,1.0,0.04999999999999982,5.0
0.6,fast,600002,1.0,0.050000000000000044,7.0
0.6,fast,600003,1.0,0.0,7.0
0.6,fast,600004,1.0,0.0,7.0
0.6,fast,600005,1.0,0.04999999999999982,7.0
0.6,fast,600006,1.0,0.0,5.0
0.6,fast,600007,1.0,0.050000000000000044,6.0
0.6,fast,600008,1.0,0.0,7.0
0.6,fast,600009,1.0,0.0,5.0
0.6,fast,700000,1.0,0.0,5.0
0.6,fast,700001,1.0,0.04999999999999982,7.0
0.6,fast,700002,1.0,0.050000000000000044,7.0
0.6,fast,700003,1.0,0.0,7.0
0.6,fast,700004,1.0,0.0,7.0
0.6,fast,700005,1.0,0.04999999999999982,5.0
0.6,fast,700006,1.0,0.0,3.0
0.6,fast,700007,1.0,0.050000000000000044,5.0
0.6,fast,700008,1.0,0.0,7.0
0.6,fast,700009,1.0,0.0,5.0
0.6,fast,800000,1.0,0.0,4.0
0.6,fast,800001,1.0,0.04999999999999982,7.0
0.6,fast,800002,1.0,0.050000000000000044,7.0
0.6,fast,800003,1.0,0.0,7.0
0.6,fast,800004,1.0,0.0,5.0
0.6,fast,800005,1.0,0.04999999999999982,5.0
0.6,fast,800006,1.0,0.0,4.0
0.6,fast,800007,1.0,0.050000000000000044,5.0
0.6,fast,800008,1.0,0.0,7.0
0.6,fast,800009,1.0,0.0,5.0
0.6,fast,900000,1.0,0.0,4.0
0.6,fast,900001,1.0,0.04999999999999982,7.0
0.6,fast,900002,1.0,0.050000000000000044,7.0
0.6,fast,900003,1.0,0.0,7.0
0.6,fast,900004,1.0,0.0,5.0
0.6,fast,900005,1.0,0.04999999999999982,7.0
0.6,fast,900006,1.0,0.0,3.0
0.6,fast,900007,1.0,0.050000000000000044,5.0
0.6,fast,900008,1.0,0.0,7.0
0.6,fast,900009,1.0,0.0,5.0
0.6,slow,0,1.0,0.0,10.0
0.6,slow,1,0.0,0.1499999999999999,10.0
0.6,slow,2,1.0,0.050000000000000044,10.0
0.6,slow,3,1.0,0.0,10.0
0.6,slow,4,0.0,0.19999999999999996,10.0
0.6,slow,5,0.0,0.050000000000000266,10.0
0.6,slow,6,1.0,0.0,10.0
0.6,slow,7,0.0,0.15000000000000002,10.0
0.6,slow,8,1.0,0.0,10.0
0.6,slow,9,0.0,0.19999999999999973,10.0
0.6,slow,100000,1.0,0.0,10.0
0.6,slow,100001,0.0,0.1499999999999999,10.0
0.6,slow,100002,1.0,0.050000000000000044,10.0
0.6,slow,100003,1.0,0.0,10.0
0.6,slow,100004,0.0,0.19999999999999996,10.0
0.6,slow,100005,0.0,0.050000000000000266,10.0
0.6,slow,100006,1.0,0.0,10.0
0.6,slow,100007,0.0,0.15000000000000002,10.0
0.6,slow,100008,1.0,0.0,10.0
0.6,slow,100009,0.0,0.19999999999999973,10.0
0.6,slow,200000,1.0,0.0,10.0
0.6,slow,200001,0.0,0.1499999999999999,10.0
0.6,slow,200002,1.0,0.050000000000000044,10.0
0.6,slow,200003,1.0,0.0,10.0
0.6,slow,200004,0.0,0.19999999999999996,10.0
0.6,slow,200005,0.0,0.050000000000000266,10.0
0.6,slow,200006,1.0,0.0,10.0
0.6,slow,200007,0.0,0.15000000000000002,10.0
0.6,slow,200008,1.0,0.0,10.0
0.6,slow,200009,0.0,0.19999999999999973,10.0
0.6,slow,300000,1.0,0.0,10.0
0.6,slow,300001,0.0,0.1499999999999999,10.0
0.6,slow,300002,1.0,0.050000000000000044,10.0
0.6,slow,300003,1.0,0.0,10.0
0.6,slow,300004,0.0,0.19999999999999996,10.0
0.6,slow,300005,0.0,0.050000000000000266,10.0
0.6,slow,300006,1.0,0.0,10.0
0.6,slow,300007,0.0,0.15000000000000002,10.0
0.6,slow,300008,1.0,0.0,10.0
0.6,slow,300009,0.0,0.19999999999999973,10.0
0.6,slow,400000,1.0,0.0,10.0
0.6,slow,400001,0.0,0.1499999999999999,10.0
0.6,slow,400002,1.0,0.050000000000000044,10.0
0.6,slow,400003,1.0,0.0,10.0
0.6,slow,400004,0.0,0.19999999999999996,10.0
0.6,slow,400005,0.0,0.050000000000000266,10.0
0.6,slow,400006,1.0,0.0,10.0
0.6,slow,400007,0.0,0.15000000000000002,10.0
0.6,slow,400008,1.0,0.0,10.0
0.6,slow,400009,0.0,0.19999999999999973,10.0
0.6,slow,500000,1.0,0.0,10.0
0.6,slow,500001,0.0,0.1499999999999999,10.0
0.6,slow,500002,1.0,0.050000000000000044,10.0
0.6,slow,500003,1.0,0.0,10.0
0.6,slow,500004,0.0,0.19999999999999996,10.0
0.6,slow,500005,0.0,0.050000000000000266,10.0
0.6,slow,500006,1.0,0.0,10.0
0.6,slow,500007,0.0,0.15000000000000002,10.0
0.6,slow,500008,1.0,0.0,10.0
0.6,slow,500009,0.0,0.19999999999999973,10.0
0.6,slow,600000,1.0,0.0,10.0
0.6,slow,600001,0.0,0.1499999999999999,10.0
0.6,slow,600002,1.0,0.050000000000000044,10.0
0.6,slow,600003,1.0,0.0,10.0
0.6,slow,600004,0.0,0.19999999999999996,10.0
0.6,slow,600005,0.0,0.050000000000000266,10.0
0.6,slow,600006,1.0,0.0,10.0
0.6,slow,600007,0.0,0.15000000000000002,10.0
0.6,slow,600008,1.0,0.0,10.0
0.6,slow,600009,0.0,0.19999999999999973,10.0
0.6,slow,700000,1.0,0.0,10.0
0.6,slow,700001,0.0,0.1499999999999999,10.0
0.6,slow,700002,1.0,0.050000000000000044,10.0
0.6,slow,700003,1.0,0.0,10.0
0.6,slow,700004,0.0,0.19999999999999996,10.0
0.6,slow,700005,0.0,0.050000000000000266,10.0
0.6,slow,700006,1.0,0.0,10.0
0.6,slow,700007,0.0,0.15000000000000002,10.0
0.6,slow,700008,1.0,0.0,10.0
0.6,slow,700009,0.0,0.19999999999999973,10.0
0.6,slow,800000,1.0,0.0,10.0
0.6,slow,800001,0.0,0.1499999999999999,10.0
0.6,slow,800002,1.0,0.050000000000000044,10.0
0.6,slow,800003,1.0,0.0,10.0
0.6,slow,800004,0.0,0.19999999999999996,10.0
0.6,slow,800005,0.0,0.050000000000000266,10.0
0.6,slow,800006,1.0,0.0,10.0
0.6,slow,800007,0.0,0.15000000000000002,10.0
0.6,slow,800008,1.0,0.0,10.0
0.6,slow,800009,0.0,0.19999999999999973,10.0
0.6,slow,900000,1.0,0.0,10.0
0.6,slow,900001,0.0,0.1499999999999999,10.0
0.6,slow,900002,1.0,0.050000000000000044,10.0
0.6,slow,900003,1.0,0.0,10.0
0.6,slow,900004,0.0,0.19999999999999996,10.0
0.6,slow,900005,0.0,0.050000000000000266,10.0
0.6,slow,900006,1.0,0.0,10.0
0.6,slow,900007,0.0,0.15000000000000002,10.0
0.6,slow,900008,1.0,0.0,10.0
0.6,slow,900009,0.0,0.19999999999999973,10.0
0.65,fast,0,1.0,0.0,4.0
0.65,fast,1,1.0,0.04999999999999982,7.0
0.65,fast,2,1.0,0.050000000000000044,6.0
0.65,fast,3,1.0,0.0,5.0
0.65,fast,4,1.0,0.0,7.0
0.65,fast,5,1.0,0.04999999999999982,5.0
0.65,fast,6,1.0,0.0,3.0
0.65,fast,7,1.0,0.050000000000000044,6.0
0.65,fast,8,1.0,0.0,7.0
0.65,fast,9,1.0,0.0,6.0
0.65,fast,100000,1.0,0.0,4.0
0.65,fast,100001,1.0,0.04999999999999982,5.0
0.65,fast,100002,1.0,0.050000000000000044,7.0
0.65,fast,100003,1.0,0.0,5.0
0.65,fast,100004,1.0,0.0,5.0
0.65,fast,100005,1.0,0.04999999999999982,5.0
0.65,fast,100006,1.0,0.0,3.0
0.65,fast,100007,1.0,0.050000000000000044,7.0
0.65,fast,100008,1.0,0.0,5.0
0.65,fast,100009,1.0,0.0,5.0
0.65,fast,200000,1.0,0.0,4.0
0.65,fast,200001,1.0,0.04999999999999982,5.0
0.65,fast,200002,1.0,0.050000000000000044,7.0
0.65,fast,200003,1.0,0.0,7.0
0.65,fast,200004,1.0,0.0,5.0
0.65,fast,200005,1.0,0.04999999999999982,5.0
0.65,fast,200006,1.0,0.0,3.0
0.65,fast,200007,1.0,0.050000000000000044,5.0
0.65,fast,200008,1.0,0.0,5.0
0.65,fast,200009,1.0,0.0,5.0
0.65,fast,300000,1.0,0.0,4.0
0.65,fast,300001,1.0,0.04999999999999982,5.0
0.65,fast,300002,1.0,0.050000000000000044,7.0
0.65,fast,300003,1.0,0.0,7.0
0.65,fast,300004,1.0,0.0,5.0
0.65,fast,300005,1.0,0.04999999999999982,5.0
0.65,fast,300006,1.0,0.0,3.0
0.65,fast,300007,1.0,0.050000000000000044,6.0
0.65,fast,300008,1.0,0.0,7.0
0.65,fast,300009,1.0,0.0,5.0
0.65,fast,400000,1.0,0.0,5.0
0.65,fast,400001,1.0,0.04999999999999982,5.0
0.65,fast,400002,1.0,0.050000000000000044,7.0
0.65,fast,400003,1.0,0.0,7.0
0.65,fast,400004,1.0,0.0,5.0
0.65,fast,400005,1.0,0.04999999999999982,5.0
0.65,fast,400006,1.0,0.0,3.0
0.65,fast,400007,1.0,0.050000000000000044,7.0
0.65,fast,400008,1.0,0.0,7.0
0.65,fast,400009,1.0,0.0,6.0
0.65,fast,500000,1.0,0.0,4.0
0.65,fast,500001,1.0,0.04999999999999982,5.0
0.65,fast,500002,1.0,0.050000000000000044,7.0
0.65,fast,500003,1.0,0.0,5.0
0.65,fast,500004,1.0,0.0,5.0
0.65,fast,500005,1.0,0.04999999999999982,5.0
0.65,fast,500006,1.0,0.0,5.0
0.65,fast,500007,1.0,0.050000000000000044,7.0
0.65,fast,500008,1.0,0.0,5.0
0.65,fast,500009,1.0,0.0,5.0
0.65,fast,600000,1.0,0.0,4.0
0.65,fast,600001,1.0,0.04999999999999982,5.0
0.65,fast,600002,1.0,0.050000000000000044,6.0
0.65,fast,600003,1.0,0.0,7.0
0.65,fast,600004,1.0,0.0,7.0
0.65,fast,600005,1.0,0.04999999999999982,7.0
0.65,fast,600006,1.0,0.0,5.0
0.65,fast,600007,1.0,0.050000000000000044,6.0
0.65,fast,600008,1.0,0.0,5.0
0.65,fast,600009,1.0,0.0,5.0
0.65,fast,700000,1.0,0.0,5.0
0.65,fast,700001,1.0,0.04999999999999982,7.0
0.65,fast,700002,1.0,0.050000000000000044,7.0
0.65,fast,700003,1.0,0.0,5.0
0.65,fast,700004,1.0,0.0,7.0
0.65,fast,700005,1.0,0.04999999999999982,5.0
0.65,fast,700006,1.0,0.0,3.0
0.65,fast,700007,1.0,0.050000000000000044,5.0
0.65,fast,700008,1.0,0.0,7.0
0.65,fast,700009,1.0,0.0,5.0
0.65,fast,800000,1.0,0.0,4.0
0.65,fast,800001,1.0,0.04999999999999982,7.0
0.65,fast,800002,1.0,0.050000000000000044,7.0
0.65,fast,800003,1.0,0.0,7.0
0.65,fast,800004,1.0,0.0,5.0
0.65,fast,800005,1.0,0.04999999999999982,5.0
0.65,fast,800006,1.0,0.0,4.0
0.65,fast,800007,1.0,0.050000000000000044,5.0
0.65,fast,800008,1.0,0.0,5.0
0.65,fast,800009,1.0,0.0,5.0
0.65,fast,900000,1.0,0.0,4.0
0.65,fast,900001,1.0,0.04999999999999982,7.0
0.65,fast,900002,1.0,0.050000000000000044,7.0
0.65,fast,900003,1.0,0.0,5.0
0.65,fast,900004,1.0,0.0,5.0
0.65,fast,900005,1.0,0.04999999999999982,7.0
0.65,fast,900006,1.0,0.0,3.0
0.65,fast,900007,1.0,0.050000000000000044,5.0
0.65,fast,900008,1.0,0.0,5.0
0.65,fast,900009,1.0,0.0,5.0
0.65,slow,0,1.0,0.0,10.0
0.65,slow,1,0.0,0.04999999999999982,10.0
0.65,slow,2,1.0,0.050000000000000044,10.0
0.65,slow,3,0.0,0.10000000000000009,10.0
0.65,slow,4,0.0,0.19999999999999996,10.0
0.65,slow,5,0.0,0.25,10.0
0.65,slow,6,1.0,0.0,10.0
0.65,slow,7,0.0,0.25,10.0
0.65,slow,8,1.0,0.0,10.0
0.65,slow,9,0.0,0.09999999999999964,10.0
0.65,slow,100000,1.0,0.0,10.0
0.65,slow,100001,0.0,0.04999999999999982,10.0
0.65,slow,100002,1.0,0.050000000000000044,10.0
0.65,slow,100003,0.0,0.10000000000000009,10.0
0.65,slow,100004,0.0,0.19999999999999996,10.0
0.65,slow,100005,0.0,0.25,10.0
0.65,slow,100006,1.0,0.0,10.0
0.65,slow,100007,0.0,0.25,10.0
0.65,slow,100008,1.0,0.0,10.0
0.65,slow,100009,0.0,0.09999999999999964,10.0
0.65,slow,200000,1.0,0.0,10.0
0.65,slow,200001,0.0,0.04999999999999982,10.0
0.65,slow,200002,1.0,0.050000000000000044,10.0
0.65,slow,200003,0.0,0.10000000000000009,10.0
0.65,slow,200004,0.0,0.19999999999999996,10.0
0.65,slow,200005,0.0,0.25,10.0
0.65,slow,200006,1.0,0.0,10.0
0.65,slow,200007,0.0,0.25,10.0
0.65,slow,200008,1.0,0.0,10.0
0.65,slow,200009,0.0,0.09999999999999964,10.0
0.65,slow,300000,1.0,0.0,10.0
0.65,slow,300001,0.0,0.04999999999999982,10.0
0.65,slow,300002,1.0,0.050000000000000044,10.0
0.65,slow,300003,0.0,0.10000000000000009,10.0
0.65,slow,300004,0.0,0.19999999999999996,10.0
0.65,slow,300005,0.0,0.25,10.0
0.65,slow,300006,1.0,0.0,10.0
0.65,slow,300007,0.0,0.25,10.0
0.65,slow,300008,1.0,0.0,10.0
0.65,slow,300009,0.0,0.09999999999999964,10.0
0.65,slow,400000,1.0,0.0,10.0
0.65,slow,400001,0.0,0.04999999999999982,10.0
0.65,slow,400002,1.0,0.050000000000000044,10.0
0.65,slow,400003,0.0,0.10000000000000009,10.0
0.65,slow,400004,0.0,0.19999999999999996,10.0
0.65,slow,400005,0.0,0.25,10.0
0.65,slow,400006,1.0,0.0,10.0
0.65,slow,400007,0.0,0.25,10.0
0.65,slow,400008,1.0,0.0,10.0
0.65,slow,400009,0.0,0.09999999999999964,10.0
0.65,slow,500000,1.0,0.0,10.0
0.65,slow,500001,0.0,0.04999999999999982,10.0
0.65,slow,500002,1.0,0.050000000000000044,10.0
0.65,slow,500003,0.0,0.10000000000000009,10.0
0.65,slow,500004,0.0,0.19999999999999996,10.0
0.65,slow,500005,0.0,0.25,10.0
0.65,slow,500006,1.0,0.0,10.0
0.65,slow,500007,0.0,0.25,10.0
0.65,slow,500008,1.0,0.0,10.0
0.65,slow,500009,0.0,0.09999999999999964,10.0
0.65,slow,600000,1.0,0.0,10.0
0.65,slow,600001,0.0,0.04999999999999982,10.0
0.65,slow,600002,1.0,0.050000000000000044,10.0
0.65,slow,600003,0.0,0.10000000000000009,10.0
0.65,slow,600004,0.0,0.19999999999999996,10.0
0.65,slow,600005,0.0,0.25,10.0
0.65,slow,600006,1.0,0.0,10.0
0.65,slow,600007,0.0,0.25,10.0
0.65,slow,600008,1.0,0.0,10.0
0.65,slow,600009,0.0,0.09999999999999964,10.0
0.65,slow,700000,1.0,0.0,10.0
0.65,slow,700001,0.0,0.04999999999999982,10.0
0.65,slow,700002,1.0,0.050000000000000044,10.0
0.65,slow,700003,0.0,0.10000000000000009,10.0
0.65,slow,700004,0.0,0.19999999999999996,10.0
0.65,slow,700005,0.0,0.25,10.0
0.65,slow,700006,1.0,0.0,10.0
0.65,slow,700007,0.0,0.25,10.0
0.65,slow,700008,1.0,0.0,10.0
0.65,slow,700009,0.0,0.09999999999999964,10.0
0.65,slow,800000,1.0,0.0,10.0
0.65,slow,800001,0.0,0.04999999999999982,10.0
0.65,slow,800002,1.0,0.050000000000000044,10.0
0.65,slow,800003,0.0,0.10000000000000009,10.0
0.65,slow,800004,0.0,0.19999999999999996,10.0
0.65,slow,800005,0.0,0.25,10.0
0.65,slow,800006,1.0,0.0,10.0
0.65,slow,800007,0.0,0.25,10.0
0.65,slow,800008,1.0,0.0,10.0
0.65,slow,800009,0.0,0.09999999999999964,10.0
0.65,slow,900000,1.0,0.0,10.0
0.65,slow,900001,0.0,0.04999999999999982,10.0
0.65,slow,900002,1.0,0.050000000000000044,10.0
0.65,slow,900003,0.0,0.10000000000000009,10.0
0.65,slow,900004,0.0,0.19999999999999996,10.0
0.65,slow,900005,0.0,0.25,10.0
0.65,slow,900006,1.0,0.0,10.0
0.65,slow,900007,0.0,0.25,10.0
0.65,slow,900008,1.0,0.0,10.0
0.65,slow,900009,0.0,0.09999999999999964,10.0
0.7,fast,0,1.0,0.0,4.0
0.7,fast,1,1.0,0.04999999999999982,7.0
0.7,fast,2,1.0,0.050000000000000044,6.0
0.7,fast,3,1.0,0.0,5.0
0.7,fast,4,1.0,0.0,7.0
0.7,fast,5,1.0,0.04999999999999982,5.0
0.7,fast,6,1.0,0.0,3.0
0.7,fast,7,1.0,0.050000000000000044,6.0
0.7,fast,8,1.0,0.0,7.0
0.7,fast,9,1.0,0.0,6.0
0.7,fast,100000,1.0,0.0,4.0
0.7,fast,100001,1.0,0.04999999999999982,5.0
0.7,fast,100002,1.0,0.050000000000000044,7.0
0.7,fast,100003,1.0,0.0,5.0
0.7,fast,100004,1.0,0.0,5.0
0.7,fast,100005,1.0,0.04999999999999982,5.0
0.7,fast,100006,1.0,0.0,3.0
0.7,fast,100007,1.0,0.050000000000000044,7.0
0.7,fast,100008,1.0,0.0,5.0
0.7,fast,100009,1.0,0.0,5.0
0.7,fast,200000,1.0,0.0,4.0
0.7,fast,200001,1.0,0.04999999999999982,5.0
0.7,fast,200002,1.0,0.050000000000000044,6.0
0.7,fast,200003,1.0,0.0,7.0
0.7,fast,200004,1.0,0.0,5.0
0.7,fast,200005,1.0,0.04999999999999982,5.0
0.7,fast,200006,1.0,0.0,3.0
0.7,fast,200007,1.0,0.050000000000000044,5.0
0.7,fast,200008,1.0,0.0,5.0
0.7,fast,200009,1.0,0.0,5.0
0.7,fast,300000,1.0,0.0,4.0
0.7,fast,300001,1.0,0.04999999999999982,5.0
0.7,fast,300002,1.0,0.050000000000000044,5.0
0.7,fast,300003,1.0,0.0,7.0
0.7,fast,300004,1.0,0.0,5.0
0.7,fast,300005,1.0,0.04999999999999982,5.0
0.7,fast,300006,1.0,0.0,3.0
0.7,fast,300007,1.0,0.050000000000000044,6.0
0.7,fast,300008,1.0,0.0,7.0
0.7,fast,300009,1.0,0.0,5.0
0.7,fast,400000,1.0,0.0,5.0
0.7,fast,400001,1.0,0.04999999999999982,5.0
0.7,fast,400002,1.0,0.050000000000000044,7.0
0.7,fast,400003,1.0,0.0,7.0
0.7,fast,400004,1.0,0.0,5.0
0.7,fast,400005,1.0,0.04999999999999982,5.0
0.7,fast,400006,1.0,0.0,3.0
0.7,fast,400007,1.0,0.050000000000000044,7.0
0.7,fast,400008,1.0,0.0,5.0
0.7,fast,400009,1.0,0.0,6.0
0.7,fast,500000,1.0,0.0,4.0
0.7,fast,500001,1.0,0.04999999999999982,5.0
0.7,fast,500002,1.0,0.050000000000000044,7.0
0.7,fast,500003,1.0,0.0,5.0
0.7,fast,500004,1.0,0.0,5.0
0.7,fast,500005,1.0,0.04999999999999982,5.0
0.7,fast,500006,1.0,0.0,5.0
0.7,fast,500007,1.0,0.050000000000000044,6.0
0.7,fast,500008,1.0,0.0,5.0
0.7,fast,500009,1.0,0.0,5.0
0.7,fast,600000,1.0,0.0,4.0
0.7,fast,600001,1.0,0.04999999999999982,5.0
0.7,fast,600002,1.0,0.050000000000000044,6.0
0.7,fast,600003,1.0,0.0,7.0
0.7,fast,600004,1.0,0.0,7.0
0.7,fast,600005,1.0,0.04999999999999982,7.0
0.7,fast,600006,1.0,0.0,5.0
0.7,fast,600007,1.0,0.050000000000000044,6.0
0.7,fast,600008,1.0,0.0,5.0
0.7,fast,600009,1.0,0.0,5.0
0.7,fast,700000,1.0,0.0,5.0
0.7,fast,700001,1.0,0.04999999999999982,7.0
0.7,fast,700002,1.0,0.050000000000000044,7.0
0.7,fast,700003,1.0,0.0,5.0
0.7,fast,700004,1.0,0.0,7.0
0.7,fast,700005,1.0,0.04999999999999982,5.0
0.7,fast,700006,1.0,0.0,3.0
0.7,fast,700007,1.0,0.050000000000000044,5.0
0.7,fast,700008,1.0,0.0,7.0
0.7,fast,700009,1.0,0.0,5.0
0.7,fast,800000,1.0,0.0,4.0
0.7,fast,800001,1.0,0.04999999999999982,7.0
0.7,fast,800002,1.0,0.050000000000000044,5.0
0.7,fast,800003,1.0,0.0,7.0
0.7,fast,800004,1.0,0.0,5.0
0.7,fast,800005,1.0,0.04999999999999982,5.0
0.7,fast,800006,1.0,0.0,4.0
0.7,fast,800007,1.0,0.050000000000000044,5.0
0.7,fast,800008,1.0,0.0,5.0
0.7,fast,800009,1.0,0.0,5.0
0.7,fast,900000,1.0,0.0,4.0
0.7,fast,900001,1.0,0.04999999999999982,7.0
0.7,fast,900002,1.0,0.050000000000000044,7.0
0.7,fast,900003,1.0,0.0,5.0
0.7,fast,900004,1.0,0.0,5.0
0.7,fast,900005,1.0,0.04999999999999982,7.0
0.7,fast,900006,1.0,0.0,3.0
0.7,fast,900007,1.0,0.050000000000000044,5.0
0.7,fast,900008,1.0,0.0,5.0
0.7,fast,900009,1.0,0.0,5.0
0.7,slow,0,1.0,0.0,10.0
0.7,slow,1,1.0,0.04999999999999982,10.0
0.7,slow,2,1.0,0.050000000000000044,10.0
0.7,slow,3,1.0,0.0,10.0
0.7,slow,4,1.0,0.0,10.0
0.7,slow,5,1.0,0.04999999999999982,10.0
0.7,slow,6,1.0,0.0,10.0
0.7,slow,7,0.0,0.15000000000000002,10.0
0.7,slow,8,1.0,0.0,10.0
0.7,slow,9,1.0,0.0,10.0
0.7,slow,100000,1.0,0.0,10.0
0.7,slow,100001,1.0,0.04999999999999982,10.0
0.7,slow,100002,1.0,0.050000000000000044,10.0
0.7,slow,100003,1.0,0.0,10.0
0.7,slow,100004,1.0,0.0,10.0
0.7,slow,100005,1.0,0.04999999999999982,10.0
0.7,slow,100006,1.0,0.0,10.0
0.7,slow,100007,0.0,0.15000000000000002,10.0
0.7,slow,100008,1.0,0.0,10.0
0.7,slow,100009,1.0,0.0,10.0
0.7,slow,200000,1.0,0.0,10.0
0.7,slow,200001,1.0,0.04999999999999982,10.0
0.7,slow,200002,1.0,0.050000000000000044,10.0
0.7,slow,200003,1.0,0.0,10.0
0.7,slow,200004,1.0,0.0,10.0
0.7,slow,200005,1.0,0.04999999999999982,10.0
0.7,slow,200006,1.0,0.0,10.0
0.7,slow,200007,0.0,0.15000000000000002,10.0
0.7,slow,200008,1.0,0.0,10.0
0.7,slow,200009,1.0,0.0,10.0
0.7,slow,300000,1.0,0.0,10.0
0.7,slow,300001,1.0,0.04999999999999982,10.0
0.7,slow,300002,1.0,0.050000000000000044,10.0
0.7,slow,300003,1.0,0.0,10.0
0.7,slow,300004,1.0,0.0,10.0
0.7,slow,300005,1.0,0.04999999999999982,10.0
0.7,slow,300006,1.0,0.0,10.0
0.7,slow,300007,0.0,0.15000000000000002,10.0
0.7,slow,300008,1.0,0.0,10.0
0.7,slow,300009,1.0,0.0,10.0
0.7,slow,400000,1.0,0.0,10.0
0.7,slow,400001,1.0,0.04999999999999982,10.0
0.7,slow,400002,1.0,0.050000000000000044,10.0
0.7,slow,400003,1.0,0.0,10.0
0.7,slow,400004,1.0,0.0,10.0
0.7,slow,400005,1.0,0.04999999999999982,10.0
0.7,slow,400006,1.0,0.0,10.0
0.7,slow,400007,0.0,0.15000000000000002,10.0
0.7,slow,400008,1.0,0.0,10.0
0.7,slow,400009,1.0,0.0,10.0
0.7,slow,500000,1.0,0.0,10.0
0.7,slow,500001,1.0,0.04999999999999982,10.0
0.7,slow,500002,1.0,0.050000000000000044,10.0
0.7,slow,500003,1.0,0.0,10.0
0.7,slow,500004,1.0,0.0,10.0
0.7,slow,500005,1.0,0.04999999999999982,10.0
0.7,slow,500006,1.0,0.0,10.0
0.7,slow,500007,0.0,0.15000000000000002,10.0
0.7,slow,500008,1.0,0.0,10.0
0.7,slow,500009,1.0,0.0,10.0
0.7,slow,600000,1.0,0.0,10.0
0.7,slow,600001,1.0,0.04999999999999982,10.0
0.7,slow,600002,1.0,0.050000000000000044,10.0
0.7,slow,600003,1.0,0.0,10.0
0.7,slow,600004,1.0,0.0,10.0
0.7,slow,600005,1.0,0.04999999999999982,10.0
0.7,slow,600006,1.0,0.0,10.0
0.7,slow,600007,0.0,0.15000000000000002,10.0
0.7,slow,600008,1.0,0.0,10.0
0.7,slow,600009,1.0,0.0,10.0
0.7,slow,700000,1.0,0.0,10.0
0.7,slow,700001,1.0,0.04999999999999982,10.0
0.7,slow,700002,1.0,0.050000000000000044,10.0
0.7,slow,700003,1.0,0.0,10.0
0.7,slow,700004,1.0,0.0,10.0
0.7,slow,700005,1.0,0.04999999999999982,10.0
0.7,slow,700006,1.0,0.0,10.0
0.7,slow,700007,0.0,0.15000000000000002,10.0
0.7,slow,700008,1.0,0.0,10.0
0.7,slow,700009,1.0,0.0,10.0
0.7,slow,800000,1.0,0.0,10.0
0.7,slow,800001,1.0,0.04999999999999982,10.0
0.7,slow,800002,1.0,0.050000000000000044,10.0
0.7,slow,800003,1.0,0.0,10.0
0.7,slow,800004,1.0,0.0,10.0
0.7,slow,800005,1.0,0.04999999999999982,10.0
0.7,slow,800006,1.0,0.0,10.0
0.7,slow,800007,0.0,0.15000000000000002,10.0
0.7,slow,800008,1.0,0.0,10.0
0.7,slow,800009,1.0,0.0,10.0
0.7,slow,900000,1.0,0.0,10.0
0.7,slow,900001,1.0,0.04999999999999982,10.0
0.7,slow,900002,1.0,0.050000000000000044,10.0
0.7,slow,900003,1.0,0.0,10.0
0.7,slow,900004,1.0,0.0,10.0
0.7,slow,900005,1.0,0.04999999999999982,10.0
0.7,slow,900006,1.0,0.0,10.0
0.7,slow,900007,0.0,0.15000000000000002,10.0
0.7,slow,900008,1.0,0.0,10.0
0.7,slow,900009,1.0,0.0,10.0
0.75,fast,0,1.0,0.0,4.0
0.75,fast,1,1.0,0.04999999999999982,7.0
0.75,fast,2,1.0,0.050000000000000044,6.0
0.75,fast,3,1.0,0.0,5.0
0.75,fast,4,1.0,0.0,6.0
0.75,fast,5,1.0,0.04999999999999982,5.0
0.75,fast,6,1.0,0.0,3.0
0.75,fast,7,1.0,0.050000000000000044,6.0
0.75,fast,8,1.0,0.0,7.0
0.75,fast,9,1.0,0.0,6.0
0.75,fast,100000,1.0,0.0,4.0
0.75,fast,100001,1.0,0.04999999999999982,5.0
0.75,fast,100002,1.0,0.050000000000000044,7.0
0.75,fast,100003,1.0,0.0,5.0
0.75,fast,100004,1.0,0.0,5.0
0.75,fast,100005,1.0,0.04999999999999982,5.0
0.75,fast,100006,1.0,0.0,3.0
0.75,fast,100007,1.0,0.050000000000000044,6.0
0.75,fast,100008,1.0,0.0,5.0
0.75,fast,100009,1.0,0.0,5.0
0.75,fast,200000,1.0,0.0,4.0
0.75,fast,200001,1.0,0.04999999999999982,5.0
0.75,fast,200002,1.0,0.050000000000000044,6.0
0.75,fast,200003,1.0,0.0,7.0
0.75,fast,200004,1.0,0.0,5.0
0.75,fast,200005,1.0,0.04999999999999982,5.0
0.75,fast,200006,1.0,0.0,3.0
0.75,fast,200007,1.0,0.050000000000000044,5.0
0.75,fast,200008,1.0,0.0,5.0
0.75,fast,200009,1.0,0.0,5.0
0.75,fast,300000,1.0,0.0,4.0
0.75,fast,300001,1.0,0.04999999999999982,5.0
0.75,fast,300002,1.0,0.050000000000000044,5.0
0.75,fast,300003,1.0,0.0,7.0
0.75,fast,300004,1.0,0.0,5.0
0.75,fast,300005,1.0,0.04999999999999982,5.0
0.75,fast,300006,1.0,0.0,3.0
0.75,fast,300007,1.0,0.050000000000000044,6.0
0.75,fast,300008,1.0,0.0,7.0
0.75,fast,300009,1.0,0.0,5.0
0.75,fast,400000,1.0,0.0,5.0
0.75,fast,400001,1.0,0.04999999999999982,5.0
0.75,fast,400002,1.0,0.050000000000000044,7.0
0.75,fast,400003,1.0,0.0,6.0
0.75,fast,400004,1.0,0.0,5.0
0.75,fast,400005,1.0,0.04999999999999982,5.0
0.75,fast,400006,1.0,0.0,3.0
0.75,fast,400007,1.0,0.050000000000000044,7.0
0.75,fast,400008,1.0,0.0,5.0
0.75,fast,400009,1.0,0.0,6.0
0.75,fast,500000,1.0,0.0,4.0
0.75,fast,500001,1.0,0.04999999999999982,5.0
0.75,fast,500002,1.0,0.050000000000000044,7.0
0.75,fast,500003,1.0,0.0,5.0
0.75,fast,500004,1.0,0.0,5.0
0.75,fast,500005,1.0,0.04999999999999982,5.0
0.75,fast,500006,1.0,0.0,5.0
0.75,fast,500007,1.0,0.050000000000000044,6.0
0.75,fast,500008,1.0,0.0,5.0
0.75,fast,500009,1.0,0.0,5.0
0.75,fast,600000,1.0,0.0,4.0
0.75,fast,600001,1.0,0.04999999999999982,5.0
0.75,fast,600002,1.0,0.050000000000000044,5.0
0.75,fast,600003,1.0,0.0,7.0
0.75,fast,600004,1.0,0.0,7.0
0.75,fast,600005,1.0,0.04999999999999982,7.0
0.75,fast,600006,1.0,0.0,5.0
0.75,fast,600007,1.0,0.050000000000000044,6.0
0.75,fast,600008,1.0,0.0,5.0
0.75,fast,600009,1.0,0.0,5.0
0.75,fast,700000,1.0,0.0,5.0
0.75,fast,700001,1.0,0.04999999999999982,7.0
0.75,fast,700002,1.0,0.050000000000000044,7.0
0.75,fast,700003,1.0,0.0,5.0
0.75,fast,700004,1.0,0.0,6.0
0.75,fast,700005,1.0,0.04999999999999982,5.0
0.75,fast,700006,1.0,0.0,3.0
0.75,fast,700007,1.0,0.050000000000000044,5.0
0.75,fast,700008,1.0,0.0,7.0
0.75,fast,700009,1.0,0.0,5.0
0.75,fast,800000,1.0,0.0,4.0
0.75,fast,800001,1.0,0.04999999999999982,7.0
0.75,fast,800002,1.0,0.050000000000000044,5.0
0.75,fast,800003,1.0,0.0,7.0
0.75,fast,800004,1.0,0.0,5.0
0.75,fast,800005,1.0,0.04999999999999982,5.0
0.75,fast,800006,1.0,0.0,4.0
0.75,fast,800007,1.0,0.050000000000000044,5.0
0.75,fast,800008,1.0,0.0,5.0
0.75,fast,800009,1.0,0.0,5.0
0.75,fast,900000,1.0,0.0,4.0
0.75,fast,900001,1.0,0.04999999999999982,7.0
0.75,fast,900002,1.0,0.050000000000000044,7.0
0.75,fast,900003,1.0,0.0,5.0
0.75,fast,900004,1.0,0.0,5.0
0.75,fast,900005,1.0,0.04999999999999982,7.0
0.75,fast,900006,1.0,0.0,3.0
0.75,fast,900007,1.0,0.050000000000000044,5.0
0.75,fast,900008,1.0,0.0,5.0
0.75,fast,900009,1.0,0.0,5.0
0.75,slow,0,1.0,0.0,10.0
0.75,slow,1,1.0,0.04999999999999982,10.0
0.75,slow,2,1.0,0.050000000000000044,10.0
0.75,slow,3,1.0,0.0,10.0
0.75,slow,4,1.0,0.0,10.0
0.75,slow,5,1.0,0.04999999999999982,10.0
0.75,slow,6,1.0,0.0,10.0
0.75,slow,7,0.0,0.050000000000000044,10.0
0.75,slow,8,1.0,0.0,10.0
0.75,slow,9,0.0,0.09999999999999964,10.0
0.75,slow,100000,1.0,0.0,10.0
0.75,slow,100001,1.0,0.04999999999999982,10.0
0.75,slow,100002,1.0,0.050000000000000044,10.0
0.75,slow,100003,1.0,0.0,10.0
0.75,slow,100004,1.0,0.0,10.0
0.75,slow,100005,1.0,0.04999999999999982,10.0
0.75,slow,100006,1.0,0.0,10.0
0.75,slow,100007,0.0,0.050000000000000044,10.0
0.75,slow,100008,1.0,0.0,10.0
0.75,slow,100009,0.0,0.09999999999999964,10.0
0.75,slow,200000,1.0,0.0,10.0
0.75,slow,200001,1.0,0.04999999999999982,10.0
0.75,slow,200002,1.0,0.050000000000000044,10.0
0.75,slow,200003,1.0,0.0,10.0
0.75,slow,200004,1.0,0.0,10.0
0.75,slow,200005,1.0,0.04999999999999982,10.0
0.75,slow,200006,1.0,0.0,10.0
0.75,slow,200007,0.0,0.050000000000000044,10.0
0.75,slow,200008,1.0,0.0,10.0
0.75,slow,200009,0.0,0.09999999999999964,10.0
0.75,slow,300000,1.0,0.0,10.0
0.75,slow,300001,1.0,0.04999999999999982,10.0
0.75,slow,300002,1.0,0.050000000000000044,10.0
0.75,slow,300003,1.0,0.0,10.0
0.75,slow,300004,1.0,0.0,10.0
0.75,slow,300005,1.0,0.04999999999999982,10.0
0.75,slow,300006,1.0,0.0,10.0
0.75,slow,300007,0.0,0.050000000000000044,10.0
0.75,slow,300008,1.0,0.0,10.0
0.75,slow,300009,0.0,0.09999999999999964,10.0
0.75,slow,400000,1.0,0.0,10.0
0.75,slow,400001,1.0,0.04999999999999982,10.0
0.75,slow,400002,1.0,0.050000000000000044,10.0
0.75,slow,400003,1.0,0.0,10.0
0.75,slow,400004,1.0,0.0,10.0
0.75,slow,400005,1.0,0.04999999999999982,10.0
0.75,slow,400006,1.0,0.0,10.0
0.75,slow,400007,0.0,0.050000000000000044,10.0
0.75,slow,400008,1.0,0.0,10.0
0.75,slow,400009,0.0,0.09999999999999964,10.0
0.75,slow,500000,1.0,0.0,10.0
0.75,slow,500001,1.0,0.04999999999999982,10.0
0.75,slow,500002,1.0,0.050000000000000044,10.0
0.75,slow,500003,1.0,0.0,10.0
0.75,slow,500004,1.0,0.0,10.0
0.75,slow,500005,1.0,0.04999999999999982,10.0
0.75,slow,500006,1.0,0.0,10.0
0.75,slow,500007,0.0,0.050000000000000044,10.0
0.75,slow,500008,1.0,0.0,10.0
0.75,slow,500009,0.0,0.09999999999999964,10.0
0.75,slow,600000,1.0,0.0,10.0
0.75,slow,600001,1.0,0.04999999999999982,10.0
0.75,slow,600002,1.0,0.050000000000000044,10.0
0.75,slow,600003,1.0,0.0,10.0
0.75,slow,600004,1.0,0.0,10.0
0.75,slow,600005,1.0,0.04999999999999982,10.0
0.75,slow,600006,1.0,0.0,10.0
0.75,slow,600007,0.0,0.050000000000000044,10.0
0.75,slow,600008,1.0,0.0,10.0
0.75,slow,600009,0.0,0.09999999999999964,10.0
0.75,slow,700000,1.0,0.0,10.0
0.75,slow,700001,1.0,0.04999999999999982,10.0
0.75,slow,700002,1.0,0.050000000000000044,10.0
0.75,slow,700003,1.0,0.0,10.0
0.75,slow,700004,1.0,0.0,10.0
0.75,slow,700005,1.0,0.04999999999999982,10.0
0.75,slow,700006,1.0,0.0,10.0
0.75,slow,700007,0.0,0.050000000000000044,10.0
0.75,slow,700008,1.0,0.0,10.0
0.75,slow,700009,0.0,0.09999999999999964,10.0
0.75,slow,800000,1.0,0.0,10.0
0.75,slow,800001,1.0,0.04999999999999982,10.0
0.75,slow,800002,1.0,0.050000000000000044,10.0
0.75,slow,800003,1.0,0.0,10.0
0.75,slow,800004,1.0,0.0,10.0
0.75,slow,800005,1.0,0.04999999999999982,10.0
0.75,slow,800006,1.0,0.0,10.0
0.75,slow,800007,0.0,0.050000000000000044,10.0
0.75,slow,800008,1.0,0.0,10.0
0.75,slow,800009,0.0,0.09999999999999964,10.0
0.75,slow,900000,1.0,0.0,10.0
0.75,slow,900001,1.0,0.04999999999999982,10.0
0.75,slow,900002,1.0,0.050000000000000044,10.0
0.75,slow,900003,1.0,0.0,10.0
0.75,slow,900004,1.0,0.0,10.0
0.75,slow,900005,1.0,0.04999999999999982,10.0
0.75,slow,900006,1.0,0.0,10.0
0.75,slow,900007,0.0,0.050000000000000044,10.0
0.75,slow,900008,1.0,0.0,10.0
0.75,slow,900009,0.0,0.09999999999999964,10.0
0.8,fast,0,1.0,0.0,4.0
0.8,fast,1,1.0,0.04999999999999982,6.0
0.8,fast,2,1.0,0.050000000000000044,6.0
0.8,fast,3,1.0,0.0,5.0
0.8,fast,4,1.0,0.0,6.0
0.8,fast,5,1.0,0.04999999999999982,5.0
0.8,fast,6,1.0,0.0,3.0
0.8,fast,7,1.0,0.050000000000000044,5.0
0.8,fast,8,1.0,0.0,7.0
0.8,fast,9,1.0,0.0,5.0
0.8,fast,100000,1.0,0.0,4.0
0.8,fast,100001,1.0,0.04999999999999982,5.0
0.8,fast,100002,1.0,0.050000000000000044,7.0
0.8,fast,100003,1.0,0.0,5.0
0.8,fast,100004,1.0,0.0,5.0
0.8,fast,100005,1.0,0.04999999999999982,5.0
0.8,fast,100006,1.0,0.0,3.0
0.8,fast,100007,1.0,0.050000000000000044,6.0
0.8,fast,100008,1.0,0.0,5.0
0.8,fast,100009,1.0,0.0,5.0
0.8,fast,200000,1.0,0.0,4.0
0.8,fast,200001,1.0,0.04999999999999982,5.0
0.8,fast,200002,1.0,0.050000000000000044,6.0
0.8,fast,200003,1.0,0.0,5.0
0.8,fast,200004,1.0,0.0,5.0
0.8,fast,200005,1.0,0.04999999999999982,5.0
0.8,fast,200006,1.0,0.0,3.0
0.8,fast,200007,1.0,0.050000000000000044,5.0
0.8,fast,200008,1.0,0.0,5.0
0.8,fast,200009,1.0,0.0,5.0
0.8,fast,300000,1.0,0.0,4.0
0.8,fast,300001,1.0,0.04999999999999982,5.0
0.8,fast,300002,1.0,0.050000000000000044,5.0
0.8,fast,300003,1.0,0.0,7.0
0.8,fast,300004,1.0,0.0,5.0
0.8,fast,300005,1.0,0.04999999999999982,5.0
0.8,fast,300006,1.0,0.0,3.0
0.8,fast,300007,1.0,0.050000000000000044,5.0
0.8,fast,300008,1.0,0.0,7.0
0.8,fast,300009,1.0,0.0,5.0
0.8,fast,400000,1.0,0.0,5.0
0.8,fast,400001,1.0,0.04999999999999982,5.0
0.8,fast,400002,1.0,0.050000000000000044,7.0
0.8,fast,400003,1.0,0.0,5.0
0.8,fast,400004,1.0,0.0,5.0
0.8,fast,400005,1.0,0.04999999999999982,5.0
0.8,fast,400006,1.0,0.0,3.0
0.8,fast,400007,1.0,0.050000000000000044,6.0
0.8,fast,400008,1.0,0.0,5.0
0.8,fast,400009,1.0,0.0,6.0
0.8,fast,500000,1.0,0.0,4.0
0.8,fast,500001,1.0,0.04999999999999982,5.0
0.8,fast,500002,1.0,0.050000000000000044,7.0
0.8,fast,500003,1.0,0.0,5.0
0.8,fast,500004,1.0,0.0,5.0
0.8,fast,500005,1.0,0.04999999999999982,5.0
0.8,fast,500006,1.0,0.0,3.0
0.8,fast,500007,1.0,0.050000000000000044,6.0
0.8,fast,500008,1.0,0.0,5.0
0.8,fast,500009,1.0,0.0,5.0
0.8,fast,600000,1.0,0.0,4.0
0.8,fast,600001,1.0,0.04999999999999982,5.0
0.8,fast,600002,1.0,0.050000000000000044,4.0
0.8,fast,600003,1.0,0.0,7.0
0.8,fast,600004,1.0,0.0,6.0
0.8,fast,600005,1.0,0.04999999999999982,7.0
0.8,fast,600006,1.0,0.0,3.0
0.8,fast,600007,1.0,0.050000000000000044,5.0
0.8,fast,600008,1.0,0.0,5.0
0.8,fast,600009,1.0,0.0,5.0
0.8,fast,700000,1.0,0.0,5.0
0.8,fast,700001,1.0,0.04999999999999982,6.0
0.8,fast,700002,1.0,0.050000000000000044,7.0
0.8,fast,700003,1.0,0.0,5.0
0.8,fast,700004,1.0,0.0,6.0
0.8,fast,700005,1.0,0.04999999999999982,5.0
0.8,fast,700006,1.0,0.0,3.0
0.8,fast,700007,1.0,0.050000000000000044,5.0
0.8,fast,700008,1.0,0.0,7.0
0.8,fast,700009,1.0,0.0,5.0
0.8,fast,800000,1.0,0.0,4.0
0.8,fast,800001,1.0,0.04999999999999982,7.0
0.8,fast,800002,1.0,0.050000000000000044,5.0
0.8,fast,800003,1.0,0.0,7.0
0.8,fast,800004,1.0,0.0,5.0
0.8,fast,800005,1.0,0.04999999999999982,5.0
0.8,fast,800006,1.0,0.0,3.0
0.8,fast,800007,1.0,0.050000000000000044,5.0
0.8,fast,800008,1.0,0.0,5.0
0.8,fast,800009,1.0,0.0,5.0
0.8,fast,900000,1.0,0.0,4.0
0.8,fast,900001,1.0,0.04999999999999982,7.0
0.8,fast,900002,1.0,0.050000000000000044,7.0
0.8,fast,900003,1.0,0.0,5.0
0.8,fast,900004,1.0,0.0,5.0
0.8,fast,900005,1.0,0.04999999999999982,7.0
0.8,fast,900006,1.0,0.0,3.0
0.8,fast,900007,1.0,0.050000000000000044,5.0
0.8,fast,900008,1.0,0.0,5.0
0.8,fast,900009,1.0,0.0,5.0
0.8,slow,0,1.0,0.0,10.0
0.8,slow,1,1.0,0.04999999999999982,10.0
0.8,slow,2,1.0,0.050000000000000044,10.0
0.8,slow,3,1.0,0.0,10.0
0.8,slow,4,1.0,0.0,10.0
0.8,slow,5,1.0,0.04999999999999982,10.0
0.8,slow,6,1.0,0.0,7.0
0.8,slow,7,1.0,0.050000000000000044,10.0
0.8,slow,8,1.0,0.0,10.0
0.8,slow,9,1.0,0.0,10.0
0.8,slow,100000,1.0,0.0,10.0
0.8,slow,100001,1.0,0.04999999999999982,10.0
0.8,slow,100002,1.0,0.050000000000000044,10.0
0.8,slow,100003,1.0,0.0,10.0
0.8,slow,100004,1.0,0.0,10.0
0.8,slow,100005,1.0,0.04999999999999982,10.0
0.8,slow,100006,1.0,0.0,7.0
0.8,slow,100007,1.0,0.050000000000000044,10.0
0.8,slow,100008,1.0,0.0,10.0
0.8,slow,100009,1.0,0.0,10.0
0.8,slow,200000,1.0,0.0,10.0
0.8,slow,200001,1.0,0.04999999999999982,10.0
0.8,slow,200002,1.0,0.050000000000000044,10.0
0.8,slow,200003,1.0,0.0,10.0
0.8,slow,200004,1.0,0.0,10.0
0.8,slow,200005,1.0,0.04999999999999982,10.0
0.8,slow,200006,1.0,0.0,7.0
0.8,slow,200007,1.0,0.050000000000000044,10.0
0.8,slow,200008,1.0,0.0,10.0
0.8,slow,200009,1.0,0.0,10.0
0.8,slow,300000,1.0,0.0,10.0
0.8,slow,300001,1.0,0.04999999999999982,10.0
0.8,slow,300002,1.0,0.050000000000000044,10.0
0.8,slow,300003,1.0,0.0,10.0
0.8,slow,300004,1.0,0.0,10.0
0.8,slow,300005,1.0,0.04999999999999982,10.0
0.8,slow,300006,1.0,0.0,7.0
0.8,slow,300007,1.0,0.050000000000000044,10.0
0.8,slow,300008,1.0,0.0,10.0
0.8,slow,300009,1.0,0.0,10.0
0.8,slow,400000,1.0,0.0,10.0
0.8,slow,400001,1.0,0.04999999999999982,10.0
0.8,slow,400002,1.0,0.050000000000000044,10.0
0.8,slow,400003,1.0,0.0,10.0
0.8,slow,400004,1.0,0.0,10.0
0.8,slow,400005,1.0,0.04999999999999982,10.0
0.8,slow,400006,1.0,0.0,7.0
0.8,slow,400007,1.0,0.050000000000000044,10.0
0.8,slow,400008,1.0,0.0,10.0
0.8,slow,400009,1.0,0.0,10.0
0.8,slow,500000,1.0,0.0,10.0
0.8,slow,500001,1.0,0.04999999999999982,10.0
0.8,slow,500002,1.0,0.050000000000000044,10.0
0.8,slow,500003,1.0,0.0,10.0
0.8,slow,500004,1.0,0.0,10.0
0.8,slow,500005,1.0,0.04999999999999982,10.0
0.8,slow,500006,1.0,0.0,7.0
0.8,slow,500007,1.0,0.050000000000000044,10.0
0.8,slow,500008,1.0,0.0,10.0
0.8,slow,500009,1.0,0.0,10.0
0.8,slow,600000,1.0,0.0,10.0
0.8,slow,600001,1.0,0.04999999999999982,10.0
0.8,slow,600002,1.0,0.050000000000000044,10.0
0.8,slow,600003,1.0,0.0,10.0
0.8,slow,600004,1.0,0.0,10.0
0.8,slow,600005,1.0,0.04999999999999982,10.0
0.8,slow,600006,1.0,0.0,7.0
0.8,slow,600007,1.0,0.050000000000000044,10.0
0.8,slow,600008,1.0,0.0,10.0
0.8,slow,600009,1.0,0.0,10.0
0.8,slow,700000,1.0,0.0,10.0
0.8,slow,700001,1.0,0.04999999999999982,10.0
0.8,slow,700002,1.0,0.050000000000000044,10.0
0.8,slow,700003,1.0,0.0,10.0
0.8,slow,700004,1.0,0.0,10.0
0.8,slow,700005,1.0,0.04999999999999982,10.0
0.8,slow,700006,1.0,0.0,7.0
0.8,slow,700007,1.0,0.050000000000000044,10.0
0.8,slow,700008,1.0,0.0,10.0
0.8,slow,700009,1.0,0.0,10.0
0.8,slow,800000,1.0,0.0,10.0
0.8,slow,800001,1.0,0.04999999999999982,10.0
0.8,slow,800002,1.0,0.050000000000000044,10.0
0.8,slow,800003,1.0,0.0,10.0
0.8,slow,800004,1.0,0.0,10.0
0.8,slow,800005,1.0,0.04999999999999982,10.0
0.8,slow,800006,1.0,0.0,7.0
0.8,slow,800007,1.0,0.050000000000000044,10.0
0.8,slow,800008,1.0,0.0,10.0
0.8,slow,800009,1.0,0.0,10.0
0.8,slow,900000,1.0,0.0,10.0
0.8,slow,900001,1.0,0.04999999999999982,10.0
0.8,slow,900002,1.0,0.050000000000000044,10.0
0.8,slow,900003,1.0,0.0,10.0
0.8,slow,900004,1.0,0.0,10.0
0.8,slow,900005,1.0,0.04999999999999982,10.0
0.8,slow,900006,1.0,0.0,7.0
0.8,slow,900007,1.0,0.050000000000000044,10.0
0.8,slow,900008,1.0,0.0,10.0
0.8,slow,900009,1.0,0.0,10.0
0.85,fast,0,1.0,0.0,4.0
0.85,fast,1,1.0,0.04999999999999982,6.0
0.85,fast,2,1.0,0.050000000000000044,6.0
0.85,fast,3,1.0,0.0,5.0
0.85,fast,4,1.0,0.0,6.0
0.85,fast,5,1.0,0.04999999999999982,5.0
0.85,fast,6,1.0,0.0,3.0
0.85,fast,7,1.0,0.050000000000000044,5.0
0.85,fast,8,1.0,0.0,7.0
0.85,fast,9,1.0,0.0,5.0
0.85,fast,100000,1.0,0.0,4.0
0.85,fast,100001,1.0,0.04999999999999982,5.0
0.85,fast,100002,1.0,0.050000000000000044,5.0
0.85,fast,100003,1.0,0.0,5.0
0.85,fast,100004,1.0,0.0,5.0
0.85,fast,100005,1.0,0.04999999999999982,5.0
0.85,fast,100006,1.0,0.0,3.0
0.85,fast,100007,1.0,0.050000000000000044,6.0
0.85,fast,100008,1.0,0.0,5.0
0.85,fast,100009,1.0,0.0,5.0
0.85,fast,200000,1.0,0.0,4.0
0.85,fast,200001,1.0,0.04999999999999982,5.0
0.85,fast,200002,1.0,0.050000000000000044,6.0
0.85,fast,200003,1.0,0.0,5.0
0.85,fast,200004,1.0,0.0,5.0
0.85,fast,200005,1.0,0.04999999999999982,5.0
0.85,fast,200006,1.0,0.0,3.0
0.85,fast,200007,1.0,0.050000000000000044,5.0
0.85,fast,200008,1.0,0.0,5.0
0.85,fast,200009,1.0,0.0,5.0
0.85,fast,300000,1.0,0.0,4.0
0.85,fast,300001,1.0,0.04999999999999982,5.0
0.85,fast,300002,1.0,0.050000000000000044,4.0
0.85,fast,300003,1.0,0.0,6.0
0.85,fast,300004,1.0,0.0,5.0
0.85,fast,300005,1.0,0.04999999999999982,5.0
0.85,fast,300006,1.0,0.0,3.0
0.85,fast,300007,1.0,0.050000000000000044,5.0
0.85,fast,300008,1.0,0.0,7.0
0.85,fast,300009,1.0,0.0,5.0
0.85,fast,400000,1.0,0.0,4.0
0.85,fast,400001,1.0,0.04999999999999982,5.0
0.85,fast,400002,1.0,0.050000000000000044,6.0
0.85,fast,400003,1.0,0.0,5.0
0.85,fast,400004,1.0,0.0,5.0
0.85,fast,400005,1.0,0.04999999999999982,5.0
0.85,fast,400006,1.0,0.0,3.0
0.85,fast,400007,1.0,0.050000000000000044,6.0
0.85,fast,400008,1.0,0.0,5.0
0.85,fast,400009,1.0,0.0,6.0
0.85,fast,500000,1.0,0.0,4.0
0.85,fast,500001,1.0,0.04999999999999982,5.0
0.85,fast,500002,1.0,0.050000000000000044,4.0
0.85,fast,500003,1.0,0.0,5.0
0.85,fast,500004,1.0,0.0,5.0
0.85,fast,500005,1.0,0.04999999999999982,5.0
0.85,fast,500006,1.0,0.0,3.0
0.85,fast,500007,0.0,0.15000000000000002,4.0
0.85,fast,500008,1.0,0.0,5.0
0.85,fast,500009,1.0,0.0,5.0
0.85,fast,600000,1.0,0.0,4.0
0.85,fast,600001,1.0,0.04999999999999982,5.0
0.85,fast,600002,1.0,0.050000000000000044,4.0
0.85,fast,600003,1.0,0.0,7.0
0.85,fast,600004,1.0,0.0,6.0
0.85,fast,600005,1.0,0.04999999999999982,6.0
0.85,fast,600006,1.0,0.0,3.0
0.85,fast,600007,1.0,0.050000000000000044,5.0
0.85,fast,600008,1.0,0.0,5.0
0.85,fast,600009,1.0,0.0,5.0
0.85,fast,700000,1.0,0.0,4.0
0.85,fast,700001,1.0,0.04999999999999982,6.0
0.85,fast,700002,0.0,0.1499999999999999,5.0
0.85,fast,700003,1.0,0.0,5.0
0.85,fast,700004,1.0,0.0,6.0
0.85,fast,700005,1.0,0.04999999999999982,5.0
0.85,fast,700006,1.0,0.0,3.0
0.85,fast,700007,1.0,0.050000000000000044,5.0
0.85,fast,700008,1.0,0.0,7.0
0.85,fast,700009,1.0,0.0,5.0
0.85,fast,800000,1.0,0.0,4.0
0.85,fast,800001,1.0,0.04999999999999982,7.0
0.85,fast,800002,1.0,0.050000000000000044,4.0
0.85,fast,800003,0.0,0.09999999999999987,4.0
0.85,fast,800004,1.0,0.0,5.0
0.85,fast,800005,1.0,0.04999999999999982,5.0
0.85,fast,800006,1.0,0.0,3.0
0.85,fast,800007,1.0,0.050000000000000044,5.0
0.85,fast,800008,1.0,0.0,5.0
0.85,fast,800009,1.0,0.0,5.0
0.85,fast,900000,1.0,0.0,4.0
0.85,fast,900001,1.0,0.04999999999999982,7.0
0.85,fast,900002,1.0,0.050000000000000044,5.0
0.85,fast,900003,1.0,0.0,5.0
0.85,fast,900004,1.0,0.0,5.0
0.85,fast,900005,1.0,0.04999999999999982,7.0
0.85,fast,900006,1.0,0.0,3.0
0.85,fast,900007,1.0,0.050000000000000044,5.0
0.85,fast,900008,1.0,0.0,5.0
0.85,fast,900009,1.0,0.0,5.0
0.85,slow,0,1.0,0.0,8.0
0.85,slow,1,1.0,0.04999999999999982,10.0
0.85,slow,2,1.0,0.050000000000000044,10.0
0.85,slow,3,1.0,0.0,10.0
0.85,slow,4,1.0,0.0,10.0
0.85,slow,5,1.0,0.04999999999999982,10.0
0.85,slow,6,1.0,0.0,7.0
0.85,slow,7,1.0,0.050000000000000044,10.0
0.85,slow,8,1.0,0.0,8.0
0.85,slow,9,1.0,0.0,10.0
0.85,slow,100000,1.0,0.0,8.0
0.85,slow,100001,1.0,0.04999999999999982,10.0
0.85,slow,100002,1.0,0.050000000000000044,10.0
0.85,slow,100003,1.0,0.0,10.0
0.85,slow,100004,1.0,0.0,10.0
0.85,slow,100005,1.0,0.04999999999999982,10.0
0.85,slow,100006,1.0,0.0,7.0
0.85,slow,100007,1.0,0.050000000000000044,10.0
0.85,slow,100008,1.0,0.0,8.0
0.85,slow,100009,1.0,0.0,10.0
0.85,slow,200000,1.0,0.0,8.0
0.85,slow,200001,1.0,0.04999999999999982,10.0
0.85,slow,200002,1.0,0.050000000000000044,10.0
0.85,slow,200003,1.0,0.0,10.0
0.85,slow,200004,1.0,0.0,10.0
0.85,slow,200005,1.0,0.04999999999999982,10.0
0.85,slow,200006,1.0,0.0,7.0
0.85,slow,200007,1.0,0.050000000000000044,10.0
0.85,slow,200008,1.0,0.0,8.0
0.85,slow,200009,1.0,0.0,10.0
0.85,slow,300000,1.0,0.0,8.0
0.85,slow,300001,1.0,0.04999999999999982,10.0
0.85,slow,300002,1.0,0.050000000000000044,10.0
0.85,slow,300003,1.0,0.0,10.0
0.85,slow,300004,1.0,0.0,10.0
0.85,slow,300005,1.0,0.04999999999999982,10.0
0.85,slow,300006,1.0,0.0,7.0
0.85,slow,300007,1.0,0.050000000000000044,10.0
0.85,slow,300008,1.0,0.0,8.0
0.85,slow,300009,1.0,0.0,10.0
0.85,slow,400000,1.0,0.0,8.0
0.85,slow,400001,1.0,0.04999999999999982,10.0
0.85,slow,400002,1.0,0.050000000000000044,10.0
0.85,slow,400003,1.0,0.0,10.0
0.85,slow,400004,1.0,0.0,10.0
0.85,slow,400005,1.0,0.04999999999999982,10.0
0.85,slow,400006,1.0,0.0,7.0
0.85,slow,400007,1.0,0.050000000000000044,10.0
0.85,slow,400008,1.0,0.0,8.0
0.85,slow,400009,1.0,0.0,10.0
0.85,slow,500000,1.0,0.0,8.0
0.85,slow,500001,1.0,0.04999999999999982,10.0
0.85,slow,500002,1.0,0.050000000000000044,10.0
0.85,slow,500003,1.0,0.0,10.0
0.85,slow,500004,1.0,0.0,10.0
0.85,slow,500005,1.0,0.04999999999999982,10.0
0.85,slow,500006,1.0,0.0,7.0
0.85,slow,500007,1.0,0.050000000000000044,10.0
0.85,slow,500008,1.0,0.0,8.0
0.85,slow,500009,1.0,0.0,10.0
0.85,slow,600000,1.0,0.0,8.0
0.85,slow,600001,1.0,0.04999999999999982,10.0
0.85,slow,600002,1.0,0.050000000000000044,10.0
0.85,slow,600003,1.0,0.0,10.0
0.85,slow,600004,1.0,0.0,10.0
0.85,slow,600005,1.0,0.04999999999999982,10.0
0.85,slow,600006,1.0,0.0,7.0
0.85,slow,600007,1.0,0.050000000000000044,10.0
0.85,slow,600008,1.0,0.0,8.0
0.85,slow,600009,1.0,0.0,10.0
0.85,slow,700000,1.0,0.0,8.0
0.85,slow,700001,1.0,0.04999999999999982,10.0
0.85,slow,700002,1.0,0.050000000000000044,10.0
0.85,slow,700003,1.0,0.0,10.0
0.85,slow,700004,1.0,0.0,10.0
0.85,slow,700005,1.0,0.04999999999999982,10.0
0.85,slow,700006,1.0,0.0,7.0
0.85,slow,700007,1.0,0.050000000000000044,10.0
0.85,slow,700008,1.0,0.0,8.0
0.85,slow,700009,1.0,0.0,10.0
0.85,slow,800000,1.0,0.0,8.0
0.85,slow,800001,1.0,0.04999999999999982,10.0
0.85,slow,800002,1.0,0.050000000000000044,10.0
0.85,slow,800003,1.0,0.0,10.0
0.85,slow,800004,1.0,0.0,10.0
0.85,slow,800005,1.0,0.04999999999999982,10.0
0.85,slow,800006,1.0,0.0,7.0
0.85,slow,800007,1.0,0.050000000000000044,10.0
0.85,slow,800008,1.0,0.0,8.0
0.85,slow,800009,1.0,0.0,10.0
0.85,slow,900000,1.0,0.0,8.0
0.85,slow,900001,1.0,0.04999999999999982,10.0
0.85,slow,900002,1.0,0.050000000000000044,10.0
0.85,slow,900003,1.0,0.0,10.0
0.85,slow,900004,1.0,0.0,10.0
0.85,slow,900005,1.0,0.04999999999999982,10.0
0.85,slow,900006,1.0,0.0,7.0
0.85,slow,900007,1.0,0.050000000000000044,10.0
0.85,slow,900008,1.0,0.0,8.0
0.85,slow,900009,1.0,0.0,10.0
0.9,fast,0,1.0,0.0,4.0
0.9,fast,1,1.0,0.04999999999999982,6.0
0.9,fast,2,1.0,0.050000000000000044,6.0
0.9,fast,3,1.0,0.0,5.0
0.9,fast,4,1.0,0.0,6.0
0.9,fast,5,1.0,0.04999999999999982,5.0
0.9,fast,6,1.0,0.0,3.0
0.9,fast,7,1.0,0.050000000000000044,5.0
0.9,fast,8,1.0,0.0,6.0
0.9,fast,9,1.0,0.0,5.0
0.9,fast,100000,1.0,0.0,4.0
0.9,fast,100001,1.0,0.04999999999999982,5.0
0.9,fast,100002,1.0,0.050000000000000044,4.0
0.9,fast,100003,1.0,0.0,5.0
0.9,fast,100004,1.0,0.0,5.0
0.9,fast,100005,1.0,0.04999999999999982,5.0
0.9,fast,100006,1.0,0.0,3.0
0.9,fast,100007,1.0,0.050000000000000044,6.0
0.9,fast,100008,1.0,0.0,5.0
0.9,fast,100009,1.0,0.0,5.0
0.9,fast,200000,1.0,0.0,4.0
0.9,fast,200001,1.0,0.04999999999999982,5.0
0.9,fast,200002,1.0,0.050000000000000044,5.0
0.9,fast,200003,1.0,0.0,5.0
0.9,fast,200004,1.0,0.0,5.0
0.9,fast,200005,1.0,0.04999999999999982,5.0
0.9,fast,200006,1.0,0.0,3.0
0.9,fast,200007,1.0,0.050000000000000044,5.0
0.9,fast,200008,1.0,0.0,5.0
0.9,fast,200009,1.0,0.0,5.0
0.9,fast,300000,1.0,0.0,4.0
0.9,fast,300001,1.0,0.04999999999999982,5.0
0.9,fast,300002,1.0,0.050000000000000044,4.0
0.9,fast,300003,1.0,0.0,6.0
0.9,fast,300004,1.0,0.0,5.0
0.9,fast,300005,1.0,0.04999999999999982,5.0
0.9,fast,300006,1.0,0.0,3.0
0.9,fast,300007,1.0,0.050000000000000044,5.0
0.9,fast,300008,0.0,0.09999999999999987,6.0
0.9,fast,300009,1.0,0.0,5.0
0.9,fast,400000,1.0,0.0,4.0
0.9,fast,400001,1.0,0.04999999999999982,5.0
0.9,fast,400002,1.0,0.050000000000000044,6.0
0.9,fast,400003,1.0,0.0,5.0
0.9,fast,400004,1.0,0.0,5.0
0.9,fast,400005,1.0,0.04999999999999982,5.0
0.9,fast,400006,1.0,0.0,3.0
0.9,fast,400007,1.0,0.050000000000000044,6.0
0.9,fast,400008,1.0,0.0,5.0
0.9,fast,400009,1.0,0.0,6.0
0.9,fast,500000,1.0,0.0,4.0
0.9,fast,500001,1.0,0.04999999999999982,5.0
0.9,fast,500002,1.0,0.050000000000000044,4.0
0.9,fast,500003,1.0,0.0,5.0
0.9,fast,500004,1.0,0.0,5.0
0.9,fast,500005,1.0,0.04999999999999982,5.0
0.9,fast,500006,1.0,0.0,3.0
0.9,fast,500007,0.0,0.15000000000000002,4.0
0.9,fast,500008,1.0,0.0,5.0
0.9,fast,500009,1.0,0.0,5.0
0.9,fast,600000,1.0,0.0,4.0
0.9,fast,600001,1.0,0.04999999999999982,5.0
0.9,fast,600002,1.0,0.050000000000000044,4.0
0.9,fast,600003,0.0,0.09999999999999987,4.0
0.9,fast,600004,1.0,0.0,6.0
0.9,fast,600005,1.0,0.04999999999999982,6.0
0.9,fast,600006,1.0,0.0,3.0
0.9,fast,600007,1.0,0.050000000000000044,5.0
0.9,fast,600008,1.0,0.0,5.0
0.9,fast,600009,1.0,0.0,5.0
0.9,fast,700000,1.0,0.0,4.0
0.9,fast,700001,1.0,0.04999999999999982,6.0
0.9,fast,700002,0.0,0.1499999999999999,5.0
0.9,fast,700003,1.0,0.0,5.0
0.9,fast,700004,1.0,0.0,6.0
0.9,fast,700005,1.0,0.04999999999999982,5.0
0.9,fast,700006,1.0,0.0,3.0
0.9,fast,700007,1.0,0.050000000000000044,5.0
0.9,fast,700008,1.0,0.0,6.0
0.9,fast,700009,1.0,0.0,5.0
0.9,fast,800000,1.0,0.0,4.0
0.9,fast,800001,0.0,0.04999999999999982,6.0
0.9,fast,800002,1.0,0.050000000000000044,4.0
0.9,fast,800003,0.0,0.09999999999999987,4.0
0.9,fast,800004,1.0,0.0,5.0
0.9,fast,800005,1.0,0.04999999999999982,5.0
0.9,fast,800006,1.0,0.0,3.0
0.9,fast,800007,1.0,0.050000000000000044,5.0
0.9,fast,800008,1.0,0.0,5.0
0.9,fast,800009,1.0,0.0,5.0
0.9,fast,900000,1.0,0.0,4.0
0.9,fast,900001,1.0,0.04999999999999982,6.0
0.9,fast,900002,1.0,0.050000000000000044,5.0
0.9,fast,900003,1.0,0.0,5.0
0.9,fast,900004,1.0,0.0,5.0
0.9,fast,900005,1.0,0.04999999999999982,7.0
0.9,fast,900006,1.0,0.0,3.0
0.9,fast,900007,1.0,0.050000000000000044,5.0
0.9,fast,900008,1.0,0.0,5.0
0.9,fast,900009,1.0,0.0,5.0
0.9,slow,0,1.0,0.0,8.0
0.9,slow,1,1.0,0.04999999999999982,10.0
0.9,slow,2,1.0,0.050000000000000044,10.0
0.9,slow,3,1.0,0.0,10.0
0.9,slow,4,1.0,0.0,10.0
0.9,slow,5,1.0,0.04999999999999982,8.0
0.9,slow,6,1.0,0.0,6.0
0.9,slow,7,1.0,0.050000000000000044,10.0
0.9,slow,8,1.0,0.0,8.0
0.9,slow,9,1.0,0.0,10.0
0.9,slow,100000,1.0,0.0,8.0
0.9,slow,100001,1.0,0.04999999999999982,10.0
0.9,slow,100002,1.0,0.050000000000000044,10.0
0.9,slow,100003,1.0,0.0,10.0
0.9,slow,100004,1.0,0.0,10.0
0.9,slow,100005,1.0,0.04999999999999982,8.0
0.9,slow,100006,1.0,0.0,6.0
0.9,slow,100007,1.0,0.050000000000000044,10.0
0.9,slow,100008,1.0,0.0,8.0
0.9,slow,100009,1.0,0.0,10.0
0.9,slow,200000,1.0,0.0,8.0
0.9,slow,200001,1.0,0.04999999999999982,10.0
0.9,slow,200002,1.0,0.050000000000000044,10.0
0.9,slow,200003,1.0,0.0,10.0
0.9,slow,200004,1.0,0.0,10.0
0.9,slow,200005,1.0,0.04999999999999982,8.0
0.9,slow,200006,1.0,0.0,6.0
0.9,slow,200007,1.0,0.050000000000000044,10.0
0.9,slow,200008,1.0,0.0,8.0
0.9,slow,200009,1.0,0.0,10.0
0.9,slow,300000,1.0,0.0,8.0
0.9,slow,300001,1.0,0.04999999999999982,10.0
0.9,slow,300002,1.0,0.050000000000000044,10.0
0.9,slow,300003,1.0,0.0,10.0
0.9,slow,300004,1.0,0.0,10.0
0.9,slow,300005,1.0,0.04999999999999982,8.0
0.9,slow,300006,1.0,0.0,6.0
0.9,slow,300007,1.0,0.050000000000000044,10.0
0.9,slow,300008,1.0,0.0,8.0
0.9,slow,300009,1.0,0.0,10.0
0.9,slow,400000,1.0,0.0,8.0
0.9,slow,400001,1.0,0.04999999999999982,10.0
0.9,slow,400002,1.0,0.050000000000000044,10.0
0.9,slow,400003,1.0,0.0,10.0
0.9,slow,400004,1.0,0.0,10.0
0.9,slow,400005,1.0,0.04999999999999982,8.0
0.9,slow,400006,1.0,0.0,6.0
0.9,slow,400007,1.0,0.050000000000000044,10.0
0.9,slow,400008,1.0,0.0,8.0
0.9,slow,400009,1.0,0.0,10.0
0.9,slow,500000,1.0,0.0,8.0
0.9,slow,500001,1.0,0.04999999999999982,10.0
0.9,slow,500002,1.0,0.050000000000000044,10.0
0.9,slow,500003,1.0,0.0,10.0
0.9,slow,500004,1.0,0.0,10.0
0.9,slow,500005,1.0,0.04999999999999982,8.0
0.9,slow,500006,1.0,0.0,6.0
0.9,slow,500007,1.0,0.050000000000000044,10.0
0.9,slow,500008,1.0,0.0,8.0
0.9,slow,500009,1.0,0.0,10.0
0.9,slow,600000,1.0,0.0,8.0
0.9,slow,600001,1.0,0.04999999999999982,10.0
0.9,slow,600002,1.0,0.050000000000000044,10.0
0.9,slow,600003,1.0,0.0,10.0
0.9,slow,600004,1.0,0.0,10.0
0.9,slow,600005,1.0,0.04999999999999982,8.0
0.9,slow,600006,1.0,0.0,6.0
0.9,slow,600007,1.0,0.050000000000000044,10.0
0.9,slow,600008,1.0,0.0,8.0
0.9,slow,600009,1.0,0.0,10.0
0.9,slow,700000,1.0,0.0,8.0
0.9,slow,700001,1.0,0.04999999999999982,10.0
0.9,slow,700002,1.0,0.050000000000000044,10.0
0.9,slow,700003,1.0,0.0,10.0
0.9,slow,700004,1.0,0.0,10.0
0.9,slow,700005,1.0,0.04999999999999982,8.0
0.9,slow,700006,1.0,0.0,6.0
0.9,slow,700007,1.0,0.050000000000000044,10.0
0.9,slow,700008,1.0,0.0,8.0
0.9,slow,700009,1.0,0.0,10.0
0.9,slow,800000,1.0,0.0,8.0
0.9,slow,800001,1.0,0.04999999999999982,10.0
0.9,slow,800002,1.0,0.050000000000000044,10.0
0.9,slow,800003,1.0,0.0,10.0
0.9,slow,800004,1.0,0.0,10.0
0.9,slow,800005,1.0,0.04999999999999982,8.0
0.9,slow,800006,1.0,0.0,6.0
0.9,slow,800007,1.0,0.050000000000000044,10.0
0.9,slow,800008,1.0,0.0,8.0
0.9,slow,800009,1.0,0.0,10.0
0.9,slow,900000,1.0,0.0,8.0
0.9,slow,900001,1.0,0.04999999999999982,10.0
0.9,slow,900002,1.0,0.050000000000000044,10.0
0.9,slow,900003,1.0,0.0,10.0
0.9,slow,900004,1.0,0.0,10.0
0.9,slow,900005,1.0,0.04999999999999982,8.0
0.9,slow,900006,1.0,0.0,6.0
0.9,slow,900007,1.0,0.050000000000000044,10.0
0.9,slow,900008,1.0,0.0,8.0
0.9,slow,900009,1.0,0.0,10.0
0.95,fast,0,1.0,0.0,4.0
0.95,fast,1,1.0,0.04999999999999982,4.0
0.95,fast,2,1.0,0.050000000000000044,5.0
0.95,fast,3,1.0,0.0,4.0
0.95,fast,4,1.0,0.0,4.0
0.95,fast,5,1.0,0.04999999999999982,4.0
0.95,fast,6,1.0,0.0,3.0
0.95,fast,7,1.0,0.050000000000000044,5.0
0.95,fast,8,0.0,0.10000000000000009,4.0
0.95,fast,9,1.0,0.0,5.0
0.95,fast,100000,1.0,0.0,4.0
0.95,fast,100001,1.0,0.04999999999999982,4.0
0.95,fast,100002,1.0,0.050000000000000044,4.0
0.95,fast,100003,1.0,0.0,4.0
0.95,fast,100004,1.0,0.0,5.0
0.95,fast,100005,1.0,0.04999999999999982,4.0
0.95,fast,100006,1.0,0.0,3.0
0.95,fast,100007,1.0,0.050000000000000044,4.0
0.95,fast,100008,1.0,0.0,4.0
0.95,fast,100009,1.0,0.0,5.0
0.95,fast,200000,1.0,0.0,4.0
0.95,fast,200001,1.0,0.04999999999999982,5.0
0.95,fast,200002,1.0,0.050000000000000044,5.0
0.95,fast,200003,1.0,0.0,5.0
0.95,fast,200004,1.0,0.0,4.0
0.95,fast,200005,1.0,0.04999999999999982,4.0
0.95,fast,200006,1.0,0.0,3.0
0.95,fast,200007,1.0,0.050000000000000044,4.0
0.95,fast,200008,1.0,0.0,4.0
0.95,fast,200009,1.0,0.0,5.0
0.95,fast,300000,1.0,0.0,4.0
0.95,fast,300001,1.0,0.04999999999999982,4.0
0.95,fast,300002,1.0,0.050000000000000044,4.0
0.95,fast,300003,1.0,0.0,4.0
0.95,fast,300004,1.0,0.0,5.0
0.95,fast,300005,1.0,0.04999999999999982,4.0
0.95,fast,300006,1.0,0.0,3.0
0.95,fast,300007,1.0,0.050000000000000044,5.0
0.95,fast,300008,1.0,0.0,4.0
0.95,fast,300009,1.0,0.0,5.0
0.95,fast,400000,1.0,0.0,4.0
0.95,fast,400001,1.0,0.04999999999999982,4.0
0.95,fast,400002,1.0,0.050000000000000044,6.0
0.95,fast,400003,1.0,0.0,5.0
0.95,fast,400004,1.0,0.0,5.0
0.95,fast,400005,1.0,0.04999999999999982,4.0
0.95,fast,400006,1.0,0.0,3.0
0.95,fast,400007,1.0,0.050000000000000044,4.0
0.95,fast,400008,1.0,0.0,5.0
0.95,fast,400009,0.0,0.10000000000000009,4.0
0.95,fast,500000,1.0,0.0,4.0
0.95,fast,500001,1.0,0.04999999999999982,4.0
0.95,fast,500002,1.0,0.050000000000000044,4.0
0.95,fast,500003,1.0,0.0,4.0
0.95,fast,500004,1.0,0.0,4.0
0.95,fast,500005,1.0,0.04999999999999982,5.0
0.95,fast,500006,1.0,0.0,3.0
0.95,fast,500007,0.0,0.15000000000000002,4.0
0.95,fast,500008,1.0,0.0,4.0
0.95,fast,500009,1.0,0.0,4.0
0.95,fast,600000,1.0,0.0,4.0
0.95,fast,600001,1.0,0.04999999999999982,4.0
0.95,fast,600002,1.0,0.050000000000000044,4.0
0.95,fast,600003,0.0,0.09999999999999987,4.0
0.95,fast,600004,1.0,0.0,6.0
0.95,fast,600005,1.0,0.04999999999999982,4.0
0.95,fast,600006,1.0,0.0,3.0
0.95,fast,600007,1.0,0.050000000000000044,5.0
0.95,fast,600008,1.0,0.0,4.0
0.95,fast,600009,1.0,0.0,4.0
0.95,fast,700000,1.0,0.0,4.0
0.95,fast,700001,0.0,0.04999999999999982,4.0
0.95,fast,700002,0.0,0.1499999999999999,5.0
0.95,fast,700003,1.0,0.0,4.0
0.95,fast,700004,1.0,0.0,4.0
0.95,fast,700005,1.0,0.04999999999999982,4.0
0.95,fast,700006,1.0,0.0,3.0
0.95,fast,700007,1.0,0.050000000000000044,5.0
0.95,fast,700008,1.0,0.0,6.0
0.95,fast,700009,1.0,0.0,4.0
0.95,fast,800000,1.0,0.0,4.0
0.95,fast,800001,0.0,0.04999999999999982,6.0
0.95,fast,800002,1.0,0.050000000000000044,4.0
0.95,fast,800003,0.0,0.09999999999999987,4.0
0.95,fast,800004,1.0,0.0,4.0
0.95,fast,800005,1.0,0.04999999999999982,4.0
0.95,fast,800006,1.0,0.0,3.0
0.95,fast,800007,1.0,0.050000000000000044,4.0
0.95,fast,800008,1.0,0.0,4.0
0.95,fast,800009,1.0,0.0,4.0
0.95,fast,900000,1.0,0.0,4.0
0.95,fast,900001,0.0,0.1499999999999999,4.0
0.95,fast,900002,1.0,0.050000000000000044,5.0
0.95,fast,900003,1.0,0.0,4.0
0.95,fast,900004,1.0,0.0,4.0
0.95,fast,900005,1.0,0.04999999999999982,7.0
0.95,fast,900006,1.0,0.0,3.0
0.95,fast,900007,1.0,0.050000000000000044,5.0
0.95,fast,900008,1.0,0.0,4.0
0.95,fast,900009,1.0,0.0,4.0
0.95,slow,0,1.0,0.0,7.0
0.95,slow,1,1.0,0.04999999999999982,8.0
0.95,slow,2,1.0,0.050000000000000044,8.0
0.95,slow,3,1.0,0.0,8.0
0.95,slow,4,1.0,0.0,8.0
0.95,slow,5,1.0,0.04999999999999982,7.0
0.95,slow,6,1.0,0.0,6.0
0.95,slow,7,1.0,0.050000000000000044,8.0
0.95,slow,8,1.0,0.0,7.0
0.95,slow,9,1.0,0.0,8.0
0.95,slow,100000,1.0,0.0,7.0
0.95,slow,100001,1.0,0.04999999999999982,8.0
0.95,slow,100002,1.0,0.050000000000000044,8.0
0.95,slow,100003,1.0,0.0,8.0
0.95,slow,100004,1.0,0.0,8.0
0.95,slow,100005,1.0,0.04999999999999982,7.0
0.95,slow,100006,1.0,0.0,6.0
0.95,slow,100007,1.0,0.050000000000000044,8.0
0.95,slow,100008,1.0,0.0,7.0
0.95,slow,100009,1.0,0.0,8.0
0.95,slow,200000,1.0,0.0,7.0
0.95,slow,200001,1.0,0.04999999999999982,8.0
0.95,slow,200002,1.0,0.050000000000000044,8.0
0.95,slow,200003,1.0,0.0,8.0
0.95,slow,200004,1.0,0.0,8.0
0.95,slow,200005,1.0,0.04999999999999982,7.0
0.95,slow,200006,1.0,0.0,6.0
0.95,slow,200007,1.0,0.050000000000000044,8.0
0.95,slow,200008,1.0,0.0,7.0
0.95,slow,200009,1.0,0.0,8.0
0.95,slow,300000,1.0,0.0,7.0
0.95,slow,300001,1.0,0.04999999999999982,8.0
0.95,slow,300002,1.0,0.050000000000000044,8.0
0.95,slow,300003,1.0,0.0,8.0
0.95,slow,300004,1.0,0.0,8.0
0.95,slow,300005,1.0,0.04999999999999982,7.0
0.95,slow,300006,1.0,0.0,6.0
0.95,slow,300007,1.0,0.050000000000000044,8.0
0.95,slow,300008,1.0,0.0,7.0
0.95,slow,300009,1.0,0.0,8.0
0.95,slow,400000,1.0,0.0,7.0
0.95,slow,400001,1.0,0.04999999999999982,8.0
0.95,slow,400002,1.0,0.050000000000000044,8.0
0.95,slow,400003,1.0,0.0,8.0
0.95,slow,400004,1.0,0.0,8.0
0.95,slow,400005,1.0,0.04999999999999982,7.0
0.95,slow,400006,1.0,0.0,6.0
0.95,slow,400007,1.0,0.050000000000000044,8.0
0.95,slow,400008,1.0,0.0,7.0
0.95,slow,400009,1.0,0.0,8.0
0.95,slow,500000,1.0,0.0,7.0
0.95,slow,500001,1.0,0.04999999999999982,8.0
0.95,slow,500002,1.0,0.050000000000000044,8.0
0.95,slow,500003,1.0,0.0,8.0
0.95,slow,500004,1.0,0.0,8.0
0.95,slow,500005,1.0,0.04999999999999982,7.0
0.95,slow,500006,1.0,0.0,6.0
0.95,slow,500007,1.0,0.050000000000000044,8.0
0.95,slow,500008,1.0,0.0,7.0
0.95,slow,500009,1.0,0.0,8.0
0.95,slow,600000,1.0,0.0,7.0
0.95,slow,600001,1.0,0.04999999999999982,8.0
0.95,slow,600002,1.0,0.050000000000000044,8.0
0.95,slow,600003,1.0,0.0,8.0
0.95,slow,600004,1.0,0.0,8.0
0.95,slow,600005,1.0,0.04999999999999982,7.0
0.95,slow,600006,1.0,0.0,6.0
0.95,slow,600007,1.0,0.050000000000000044,8.0
0.95,slow,600008,1.0,0.0,7.0
0.95,slow,600009,1.0,0.0,8.0
0.95,slow,700000,1.0,0.0,7.0
0.95,slow,700001,1.0,0.04999999999999982,8.0
0.95,slow,700002,1.0,0.050000000000000044,8.0
0.95,slow,700003,1.0,0.0,8.0
0.95,slow,700004,1.0,0.0,8.0
0.95,slow,700005,1.0,0.04999999999999982,7.0
0.95,slow,700006,1.0,0.0,6.0
0.95,slow,700007,1.0,0.050000000000000044,8.0
0.95,slow,700008,1.0,0.0,7.0
0.95,slow,700009,1.0,0.0,8.0
0.95,slow,800000,1.0,0.0,7.0
0.95,slow,800001,1.0,0.04999999999999982,8.0
0.95,slow,800002,1.0,0.050000000000000044,8.0
0.95,slow,800003,1.0,0.0,8.0
0.95,slow,800004,1.0,0.0,8.0
0.95,slow,800005,1.0,0.04999999999999982,7.0
0.95,slow,800006,1.0,0.0,6.0
0.95,slow,800007,1.0,0.050000000000000044,8.0
0.95,slow,800008,1.0,0.0,7.0
0.95,slow,800009,1.0,0.0,8.0
0.95,slow,900000,1.0,0.0,7.0
0.95,slow,900001,1.0,0.04999999999999982,8.0
0.95,slow,900002,1.0,0.050000000000000044,8.0
0.95,slow,900003,1.0,0.0,8.0
0.95,slow,900004,1.0,0.0,8.0
0.95,slow,900005,1.0,0.04999999999999982,7.0
0.95,slow,900006,1.0,0.0,6.0
0.95,slow,900007,1.0,0.050000000000000044,8.0
0.95,slow,900008,1.0,0.0,7.0
0.95,slow,900009,1.0,0.0,8.0
0.99,fast,0,1.0,0.0,4.0
0.99,fast,1,1.0,0.04999999999999982,4.0
0.99,fast,2,1.0,0.050000000000000044,5.0
0.99,fast,3,1.0,0.0,4.0
0.99,fast,4,1.0,0.0,4.0
0.99,fast,5,1.0,0.04999999999999982,4.0
0.99,fast,6,1.0,0.0,3.0
0.99,fast,7,1.0,0.050000000000000044,4.0
0.99,fast,8,0.0,0.10000000000000009,4.0
0.99,fast,9,1.0,0.0,5.0
0.99,fast,100000,1.0,0.0,4.0
0.99,fast,100001,1.0,0.04999999999999982,4.0
0.99,fast,100002,1.0,0.050000000000000044,4.0
0.99,fast,100003,1.0,0.0,4.0
0.99,fast,100004,1.0,0.0,5.0
0.99,fast,100005,1.0,0.04999999999999982,4.0
0.99,fast,100006,1.0,0.0,3.0
0.99,fast,100007,1.0,0.050000000000000044,4.0
0.99,fast,100008,1.0,0.0,4.0
0.99,fast,100009,1.0,0.0,5.0
0.99,fast,200000,1.0,0.0,4.0
0.99,fast,200001,1.0,0.04999999999999982,5.0
0.99,fast,200002,1.0,0.050000000000000044,5.0
0.99,fast,200003,1.0,0.0,4.0
0.99,fast,200004,1.0,0.0,4.0
0.99,fast,200005,1.0,0.04999999999999982,4.0
0.99,fast,200006,1.0,0.0,3.0
0.99,fast,200007,1.0,0.050000000000000044,4.0
0.99,fast,200008,1.0,0.0,4.0
0.99,fast,200009,1.0,0.0,5.0
0.99,fast,300000,1.0,0.0,4.0
0.99,fast,300001,1.0,0.04999999999999982,4.0
0.99,fast,300002,1.0,0.050000000000000044,4.0
0.99,fast,300003,1.0,0.0,4.0
0.99,fast,300004,1.0,0.0,5.0
0.99,fast,300005,1.0,0.04999999999999982,4.0
0.99,fast,300006,1.0,0.0,3.0
0.99,fast,300007,1.0,0.050000000000000044,4.0
0.99,fast,300008,1.0,0.0,4.0
0.99,fast,300009,1.0,0.0,5.0
0.99,fast,400000,1.0,0.0,4.0
0.99,fast,400001,1.0,0.04999999999999982,4.0
0.99,fast,400002,1.0,0.050000000000000044,4.0
0.99,fast,400003,1.0,0.0,5.0
0.99,fast,400004,1.0,0.0,5.0
0.99,fast,400005,1.0,0.04999999999999982,4.0
0.99,fast,400006,1.0,0.0,3.0
0.99,fast,400007,1.0,0.050000000000000044,4.0
0.99,fast,400008,1.0,0.0,4.0
0.99,fast,400009,0.0,0.10000000000000009,4.0
0.99,fast,500000,1.0,0.0,4.0
0.99,fast,500001,1.0,0.04999999999999982,4.0
0.99,fast,500002,1.0,0.050000000000000044,4.0
0.99,fast,500003,1.0,0.0,4.0
0.99,fast,500004,1.0,0.0,4.0
0.99,fast,500005,1.0,0.04999999999999982,5.0
0.99,fast,500006,1.0,0.0,3.0
0.99,fast,500007,0.0,0.15000000000000002,4.0
0.99,fast,500008,1.0,0.0,4.0
0.99,fast,500009,1.0,0.0,4.0
0.99,fast,600000,1.0,0.0,4.0
0.99,fast,600001,1.0,0.04999999999999982,4.0
0.99,fast,600002,1.0,0.050000000000000044,4.0
0.99,fast,600003,0.0,0.09999999999999987,4.0
0.99,fast,600004,1.0,0.0,6.0
0.99,fast,600005,1.0,0.04999999999999982,4.0
0.99,fast,600006,1.0,0.0,3.0
0.99,fast,600007,1.0,0.050000000000000044,4.0
0.99,fast,600008,1.0,0.0,4.0
0.99,fast,600009,1.0,0.0,4.0
0.99,fast,700000,1.0,0.0,4.0
0.99,fast,700001,0.0,0.04999999999999982,4.0
0.99,fast,700002,0.0,0.1499999999999999,5.0
0.99,fast,700003,1.0,0.0,4.0
0.99,fast,700004,1.0,0.0,4.0
0.99,fast,700005,1.0,0.04999999999999982,4.0
0.99,fast,700006,1.0,0.0,3.0
0.99,fast,700007,1.0,0.050000000000000044,5.0
0.99,fast,700008,1.0,0.0,6.0
0.99,fast,700009,1.0,0.0,4.0
0.99,fast,800000,1.0,0.0,4.0
0.99,fast,800001,0.0,0.04999999999999982,6.0
0.99,fast,800002,1.0,0.050000000000000044,4.0
0.99,fast,800003,0.0,0.09999999999999987,4.0
0.99,fast,800004,1.0,0.0,4.0
0.99,fast,800005,1.0,0.04999999999999982,4.0
0.99,fast,800006,1.0,0.0,3.0
0.99,fast,800007,1.0,0.050000000000000044,4.0
0.99,fast,800008,1.0,0.0,4.0
0.99,fast,800009,1.0,0.0,4.0
0.99,fast,900000,1.0,0.0,4.0
0.99,fast,900001,0.0,0.1499999999999999,4.0
0.99,fast,900002,1.0,0.050000000000000044,4.0
0.99,fast,900003,1.0,0.0,4.0
0.99,fast,900004,1.0,0.0,4.0
0.99,fast,900005,1.0,0.04999999999999982,6.0
0.99,fast,900006,1.0,0.0,3.0
0.99,fast,900007,1.0,0.050000000000000044,5.0
0.99,fast,900008,1.0,0.0,4.0
0.99,fast,900009,1.0,0.0,4.0
0.99,slow,0,1.0,0.0,7.0
0.99,slow,1,1.0,0.04999999999999982,8.0
0.99,slow,2,1.0,0.050000000000000044,9.0
0.99,slow,3,1.0,0.0,8.0
0.99,slow,4,0.0,0.5,10.0
0.99,slow,5,1.0,0.04999999999999982,9.0
0.99,slow,6,1.0,0.0,7.0
0.99,slow,7,1.0,0.050000000000000044,8.0
0.99,slow,8,1.0,0.0,7.0
0.99,slow,9,1.0,0.0,8.0
0.99,slow,100000,1.0,0.0,7.0
0.99,slow,100001,1.0,0.04999999999999982,8.0
0.99,slow,100002,1.0,0.050000000000000044,9.0
0.99,slow,100003,1.0,0.0,8.0
0.99,slow,100004,0.0,0.5,10.0
0.99,slow,100005,1.0,0.04999999999999982,9.0
0.99,slow,100006,1.0,0.0,7.0
0.99,slow,100007,1.0,0.050000000000000044,8.0
0.99,slow,100008,1.0,0.0,7.0
0.99,slow,100009,1.0,0.0,8.0
0.99,slow,200000,1.0,0.0,7.0
0.99,slow,200001,1.0,0.04999999999999982,8.0
0.99,slow,200002,1.0,0.050000000000000044,9.0
0.99,slow,200003,1.0,0.0,8.0
0.99,slow,200004,0.0,0.5,10.0
0.99,slow,200005,1.0,0.04999999999999982,9.0
0.99,slow,200006,1.0,0.0,7.0
0.99,slow,200007,1.0,0.050000000000000044,8.0
0.99,slow,200008,1.0,0.0,7.0
0.99,slow,200009,1.0,0.0,8.0
0.99,slow,300000,1.0,0.0,7.0
0.99,slow,300001,1.0,0.04999999999999982,8.0
0.99,slow,300002,1.0,0.050000000000000044,9.0
0.99,slow,300003,1.0,0.0,8.0
0.99,slow,300004,0.0,0.5,10.0
0.99,slow,300005,1.0,0.04999999999999982,9.0
0.99,slow,300006,1.0,0.0,7.0
0.99,slow,300007,1.0,0.050000000000000044,8.0
0.99,slow,300008,1.0,0.0,7.0
0.99,slow,300009,1.0,0.0,8.0
0.99,slow,400000,1.0,0.0,7.0
0.99,slow,400001,1.0,0.04999999999999982,8.0
0.99,slow,400002,1.0,0.050000000000000044,9.0
0.99,slow,400003,1.0,0.0,8.0
0.99,slow,400004,0.0,0.5,10.0
0.99,slow,400005,1.0,0.04999999999999982,9.0
0.99,slow,400006,1.0,0.0,7.0
0.99,slow,400007,1.0,0.050000000000000044,8.0
0.99,slow,400008,1.0,0.0,7.0
0.99,slow,400009,1.0,0.0,8.0
0.99,slow,500000,1.0,0.0,7.0
0.99,slow,500001,1.0,0.04999999999999982,8.0
0.99,slow,500002,1.0,0.050000000000000044,9.0
0.99,slow,500003,1.0,0.0,8.0
0.99,slow,500004,0.0,0.5,10.0
0.99,slow,500005,1.0,0.04999999999999982,9.0
0.99,slow,500006,1.0,0.0,7.0
0.99,slow,500007,1.0,0.050000000000000044,8.0
0.99,slow,500008,1.0,0.0,7.0
0.99,slow,500009,1.0,0.0,8.0
0.99,slow,600000,1.0,0.0,7.0
0.99,slow,600001,1.0,0.04999999999999982,8.0
0.99,slow,600002,1.0,0.050000000000000044,9.0
0.99,slow,600003,1.0,0.0,8.0
0.99,slow,600004,0.0,0.5,10.0
0.99,slow,600005,1.0,0.04999999999999982,9.0
0.99,slow,600006,1.0,0.0,7.0
0.99,slow,600007,1.0,0.050000000000000044,8.0
0.99,slow,600008,1.0,0.0,7.0
0.99,slow,600009,1.0,0.0,8.0
0.99,slow,700000,1.0,0.0,7.0
0.99,slow,700001,1.0,0.04999999999999982,8.0
0.99,slow,700002,1.0,0.050000000000000044,9.0
0.99,slow,700003,1.0,0.0,8.0
0.99,slow,700004,0.0,0.5,10.0
0.99,slow,700005,1.0,0.04999999999999982,9.0
0.99,slow,700006,1.0,0.0,7.0
0.99,slow,700007,1.0,0.050000000000000044,8.0
0.99,slow,700008,1.0,0.0,7.0
0.99,slow,700009,1.0,0.0,8.0
0.99,slow,800000,1.0,0.0,7.0
0.99,slow,800001,1.0,0.04999999999999982,8.0
0.99,slow,800002,1.0,0.050000000000000044,9.0
0.99,slow,800003,1.0,0.0,8.0
0.99,slow,800004,0.0,0.5,10.0
0.99,slow,800005,1.0,0.04999999999999982,9.0
0.99,slow,800006,1.0,0.0,7.0
0.99,slow,800007,1.0,0.050000000000000044,8.0
0.99,slow,800008,1.0,0.0,7.0
0.99,slow,800009,1.0,0.0,8.0
0.99,slow,900000,1.0,0.0,7.0
0.99,slow,900001,1.0,0.04999999999999982,8.0
0.99,slow,900002,1.0,0.050000000000000044,9.0
0.99,slow,900003,1.0,0.0,8.0
0.99,slow,900004,0.0,0.5,10.0
0.99,slow,900005,1.0,0.04999999999999982,9.0
0.99,slow,900006,1.0,0.0,7.0
0.99,slow,900007,1.0,0.050000000000000044,8.0
0.99,slow,900008,1.0,0.0,7.0
0.99,slow,900009,1.0,0.0,8.0
